,ENODEB,CELL,MAX_USERS,UL_INTERFERENCE_AVG_PRB,TRAFFIC,CLUSTER,LABEL
0,EEIF,4485,13,-119,66.617,0,"Low Traffic,Low UL_INTERFERENCE_AVG_PRB,Low MAX_USERS"
1,GBHG,6176,27,-119,79.185,0,"Low Traffic,Low UL_INTERFERENCE_AVG_PRB,Low MAX_USERS"
2,GAGC,9092,30,-119,192.942,0,"Low Traffic,Low UL_INTERFERENCE_AVG_PRB,Low MAX_USERS"
3,EBIB,4181,184,-112,724.2629999999999,1,"High Traffic,High UL_INTERFERENCE_AVG_PRB,High MAX_USERS"
4,HFBE,7514,114,-112,379.319,2,"High Traffic,High UL_INTERFERENCE_AVG_PRB,Median MAX_USERS"
5,HIDB,7831,81,-111,683.605,2,"High Traffic,High UL_INTERFERENCE_AVG_PRB,Median MAX_USERS"
6,DHHG,3779,17,-119,184.49200000000002,0,"Low Traffic,Low UL_INTERFERENCE_AVG_PRB,Low MAX_USERS"
7,EBHC,4172,24,-119,111.783,0,"Low Traffic,Low UL_INTERFERENCE_AVG_PRB,Low MAX_USERS"
8,HGAI,7908,22,-119,281.971,0,"Low Traffic,Low UL_INTERFERENCE_AVG_PRB,Low MAX_USERS"
9,EHGD,4763,90,-112,507.01700000000005,2,"High Traffic,High UL_INTERFERENCE_AVG_PRB,Median MAX_USERS"
10,EAAD,4003,51,-113,327.255,2,"High Traffic,High UL_INTERFERENCE_AVG_PRB,Median MAX_USERS"
11,IFIF,8585,74,-111,844.96,2,"High Traffic,High UL_INTERFERENCE_AVG_PRB,Median MAX_USERS"
12,HIBG,7819,16,-119,216.703,0,"Low Traffic,Low UL_INTERFERENCE_AVG_PRB,Low MAX_USERS"
13,HCID,7283,24,-119,53.553999999999995,0,"Low Traffic,Low UL_INTERFERENCE_AVG_PRB,Low MAX_USERS"
14,FFFA,5550,21,-119,219.76600000000002,0,"Low Traffic,Low UL_INTERFERENCE_AVG_PRB,Low MAX_USERS"
15,HBGF,7195,76,-112,620.719,2,"High Traffic,High UL_INTERFERENCE_AVG_PRB,Median MAX_USERS"
16,EGBH,4617,54,-112,345.762,2,"High Traffic,High UL_INTERFERENCE_AVG_PRB,Median MAX_USERS"
17,GHDI,6738,72,-111,499.535,2,"High Traffic,High UL_INTERFERENCE_AVG_PRB,Median MAX_USERS"
18,GBGA,9190,13,-119,127.827,0,"Low Traffic,Low UL_INTERFERENCE_AVG_PRB,Low MAX_USERS"
19,BFEC,1542,27,-119,83.35,0,"Low Traffic,Low UL_INTERFERENCE_AVG_PRB,Low MAX_USERS"
20,GBDA,6130,27,-119,321.515,0,"Low Traffic,Low UL_INTERFERENCE_AVG_PRB,Low MAX_USERS"
21,EGBC,4912,86,-112,627.497,2,"High Traffic,High UL_INTERFERENCE_AVG_PRB,Median MAX_USERS"
22,IDGG,8399,50,-113,324.51700000000005,2,"High Traffic,High UL_INTERFERENCE_AVG_PRB,Median MAX_USERS"
23,HGHF,7675,81,-112,428.91900000000004,2,"High Traffic,High UL_INTERFERENCE_AVG_PRB,Median MAX_USERS"
24,CAEG,2049,14,-119,122.267,0,"Low Traffic,Low UL_INTERFERENCE_AVG_PRB,Low MAX_USERS"
25,HGGE,7964,23,-119,126.526,0,"Low Traffic,Low UL_INTERFERENCE_AVG_PRB,Low MAX_USERS"
26,GDCF,9325,24,-119,329.587,0,"Low Traffic,Low UL_INTERFERENCE_AVG_PRB,Low MAX_USERS"
27,CHGG,2766,143,-112,579.1689999999998,2,"High Traffic,High UL_INTERFERENCE_AVG_PRB,Median MAX_USERS"
28,FIAC,5802,185,-113,359.543,1,"High Traffic,High UL_INTERFERENCE_AVG_PRB,High MAX_USERS"
29,CGCG,2626,89,-112,541.778,2,"High Traffic,High UL_INTERFERENCE_AVG_PRB,Median MAX_USERS"
30,GFFB,6551,16,-119,188.9,0,"Low Traffic,Low UL_INTERFERENCE_AVG_PRB,Low MAX_USERS"
31,IFDH,8537,29,-119,222.543,0,"Low Traffic,Low UL_INTERFERENCE_AVG_PRB,Low MAX_USERS"
32,EFCH,4527,23,-119,287.252,0,"Low Traffic,Low UL_INTERFERENCE_AVG_PRB,Low MAX_USERS"
33,GFIC,6582,240,-112,761.6089999999999,1,"High Traffic,High UL_INTERFERENCE_AVG_PRB,High MAX_USERS"
34,EIGH,4897,184,-113,377.08200000000005,1,"High Traffic,High UL_INTERFERENCE_AVG_PRB,High MAX_USERS"
35,GBGG,9196,77,-112,366.045,2,"High Traffic,High UL_INTERFERENCE_AVG_PRB,Median MAX_USERS"
36,BCIG,1286,12,-119,123.343,0,"Low Traffic,Low UL_INTERFERENCE_AVG_PRB,Low MAX_USERS"
37,BDGE,1364,24,-119,237.378,0,"Low Traffic,Low UL_INTERFERENCE_AVG_PRB,Low MAX_USERS"
38,HIGB,7891,27,-119,305.043,0,"Low Traffic,Low UL_INTERFERENCE_AVG_PRB,Low MAX_USERS"
39,GCED,9243,93,-112,878.9960000000001,2,"High Traffic,High UL_INTERFERENCE_AVG_PRB,Median MAX_USERS"
40,FGCG,5929,45,-113,395.509,2,"High Traffic,High UL_INTERFERENCE_AVG_PRB,Median MAX_USERS"
41,GBBB,9111,73,-112,530.597,2,"High Traffic,High UL_INTERFERENCE_AVG_PRB,Median MAX_USERS"
42,IGBA,8910,12,-119,116.22500000000001,0,"Low Traffic,Low UL_INTERFERENCE_AVG_PRB,Low MAX_USERS"
43,GACE,9024,26,-119,205.243,0,"Low Traffic,Low UL_INTERFERENCE_AVG_PRB,Low MAX_USERS"
44,GIGC,9892,37,-119,508.403,0,"Low Traffic,Low UL_INTERFERENCE_AVG_PRB,Low MAX_USERS"
45,CHGB,2761,156,-112,823.2299999999999,1,"High Traffic,High UL_INTERFERENCE_AVG_PRB,High MAX_USERS"
46,DFFB,3551,178,-113,445.78499999999997,1,"High Traffic,High UL_INTERFERENCE_AVG_PRB,High MAX_USERS"
47,BCAA,1200,71,-112,595.084,2,"High Traffic,High UL_INTERFERENCE_AVG_PRB,Median MAX_USERS"
48,DHGB,3761,12,-119,141.477,0,"Low Traffic,Low UL_INTERFERENCE_AVG_PRB,Low MAX_USERS"
49,GAAG,9006,27,-119,183.19299999999996,0,"Low Traffic,Low UL_INTERFERENCE_AVG_PRB,Low MAX_USERS"
50,IEHA,8470,26,-119,582.2929999999999,0,"Low Traffic,Low UL_INTERFERENCE_AVG_PRB,Low MAX_USERS"
51,GHFC,9752,103,-112,729.527,2,"High Traffic,High UL_INTERFERENCE_AVG_PRB,Median MAX_USERS"
52,BCGH,1267,88,-112,283.238,2,"High Traffic,High UL_INTERFERENCE_AVG_PRB,Median MAX_USERS"
53,HABD,7013,73,-111,341.812,2,"High Traffic,High UL_INTERFERENCE_AVG_PRB,Median MAX_USERS"
54,EDEE,4344,15,-119,206.676,0,"Low Traffic,Low UL_INTERFERENCE_AVG_PRB,Low MAX_USERS"
55,ICGF,8265,30,-119,209.70000000000002,0,"Low Traffic,Low UL_INTERFERENCE_AVG_PRB,Low MAX_USERS"
56,DEBB,3411,28,-119,331.019,0,"Low Traffic,Low UL_INTERFERENCE_AVG_PRB,Low MAX_USERS"
57,DFFF,3555,192,-112,588.783,1,"High Traffic,High UL_INTERFERENCE_AVG_PRB,High MAX_USERS"
58,GHGB,9761,229,-113,361.50199999999995,1,"High Traffic,High UL_INTERFERENCE_AVG_PRB,High MAX_USERS"
59,HDHA,7370,71,-112,583.931,2,"High Traffic,High UL_INTERFERENCE_AVG_PRB,Median MAX_USERS"
60,IIBG,8819,15,-119,187.977,0,"Low Traffic,Low UL_INTERFERENCE_AVG_PRB,Low MAX_USERS"
61,BACA,1020,26,-119,285.021,0,"Low Traffic,Low UL_INTERFERENCE_AVG_PRB,Low MAX_USERS"
62,EFBE,4514,32,-119,376.377,0,"Low Traffic,Low UL_INTERFERENCE_AVG_PRB,Low MAX_USERS"
63,DBAI,3108,137,-112,507.172,2,"High Traffic,High UL_INTERFERENCE_AVG_PRB,Median MAX_USERS"
64,DDFB,3351,95,-112,489.383,2,"High Traffic,High UL_INTERFERENCE_AVG_PRB,Median MAX_USERS"
65,GHGE,9764,73,-111,413.29600000000005,2,"High Traffic,High UL_INTERFERENCE_AVG_PRB,Median MAX_USERS"
66,FEFB,5451,13,-119,53.954,0,"Low Traffic,Low UL_INTERFERENCE_AVG_PRB,Low MAX_USERS"
67,HADD,7033,33,-119,484.806,0,"Low Traffic,Low UL_INTERFERENCE_AVG_PRB,Low MAX_USERS"
68,BHHF,1775,38,-119,336.98,0,"Low Traffic,Low UL_INTERFERENCE_AVG_PRB,Low MAX_USERS"
69,IEBD,8413,220,-112,536.223,1,"High Traffic,High UL_INTERFERENCE_AVG_PRB,High MAX_USERS"
70,BGEB,1941,228,-112,635.219,1,"High Traffic,High UL_INTERFERENCE_AVG_PRB,High MAX_USERS"
71,GGEG,6946,74,-112,422.251,2,"High Traffic,High UL_INTERFERENCE_AVG_PRB,Median MAX_USERS"
72,CBGA,2190,15,-119,38.283,0,"Low Traffic,Low UL_INTERFERENCE_AVG_PRB,Low MAX_USERS"
73,CGFB,2951,28,-119,217.918,0,"Low Traffic,Low UL_INTERFERENCE_AVG_PRB,Low MAX_USERS"
74,HIBB,7811,45,-119,373.14300000000003,0,"Low Traffic,Low UL_INTERFERENCE_AVG_PRB,Low MAX_USERS"
75,GGEI,6948,223,-112,574.1080000000001,1,"High Traffic,High UL_INTERFERENCE_AVG_PRB,High MAX_USERS"
76,EGGE,4664,254,-113,692.7529999999999,1,"High Traffic,High UL_INTERFERENCE_AVG_PRB,High MAX_USERS"
77,ECBF,4215,77,-113,541.117,2,"High Traffic,High UL_INTERFERENCE_AVG_PRB,Median MAX_USERS"
78,IIGA,8890,15,-119,66.053,0,"Low Traffic,Low UL_INTERFERENCE_AVG_PRB,Low MAX_USERS"
79,CGIB,2681,30,-119,281.239,0,"Low Traffic,Low UL_INTERFERENCE_AVG_PRB,Low MAX_USERS"
80,GFCG,9526,42,-119,552.7470000000001,0,"Low Traffic,Low UL_INTERFERENCE_AVG_PRB,Low MAX_USERS"
81,HFDG,7539,113,-112,515.022,2,"High Traffic,High UL_INTERFERENCE_AVG_PRB,Median MAX_USERS"
82,HEGI,7498,89,-112,861.912,2,"High Traffic,High UL_INTERFERENCE_AVG_PRB,Median MAX_USERS"
83,EEIA,4480,74,-112,933.0020000000001,2,"High Traffic,High UL_INTERFERENCE_AVG_PRB,Median MAX_USERS"
84,CGGA,2990,16,-119,170.10300000000004,0,"Low Traffic,Low UL_INTERFERENCE_AVG_PRB,Low MAX_USERS"
85,FGDH,5937,29,-119,606.772,0,"Low Traffic,Low UL_INTERFERENCE_AVG_PRB,Low MAX_USERS"
86,FCBA,5210,47,-119,650.531,0,"Low Traffic,Low UL_INTERFERENCE_AVG_PRB,Low MAX_USERS"
87,CGDD,2933,112,-111,714.068,2,"High Traffic,High UL_INTERFERENCE_AVG_PRB,Median MAX_USERS"
88,IABC,8012,90,-112,937.77,2,"High Traffic,High UL_INTERFERENCE_AVG_PRB,Median MAX_USERS"
89,DBIB,3181,73,-112,607.207,2,"High Traffic,High UL_INTERFERENCE_AVG_PRB,Median MAX_USERS"
90,EBAB,4101,20,-119,292.477,0,"Low Traffic,Low UL_INTERFERENCE_AVG_PRB,Low MAX_USERS"
91,CEGA,2460,26,-119,206.263,0,"Low Traffic,Low UL_INTERFERENCE_AVG_PRB,Low MAX_USERS"
92,IIED,8843,47,-119,341.111,0,"Low Traffic,Low UL_INTERFERENCE_AVG_PRB,Low MAX_USERS"
93,IGGD,8693,166,-112,615.393,1,"High Traffic,High UL_INTERFERENCE_AVG_PRB,High MAX_USERS"
94,FFAG,5506,191,-111,872.346,1,"High Traffic,High UL_INTERFERENCE_AVG_PRB,High MAX_USERS"
95,BIDD,1833,69,-112,592.47,2,"High Traffic,High UL_INTERFERENCE_AVG_PRB,Median MAX_USERS"
96,BBEI,1148,16,-119,101.703,0,"Low Traffic,Low UL_INTERFERENCE_AVG_PRB,Low MAX_USERS"
97,EDBG,4316,28,-119,330.173,0,"Low Traffic,Low UL_INTERFERENCE_AVG_PRB,Low MAX_USERS"
98,EHII,4788,40,-119,275.56800000000004,0,"Low Traffic,Low UL_INTERFERENCE_AVG_PRB,Low MAX_USERS"
99,HHID,7783,214,-112,768.024,1,"High Traffic,High UL_INTERFERENCE_AVG_PRB,High MAX_USERS"
100,DAEE,3044,160,-111,620.514,1,"High Traffic,High UL_INTERFERENCE_AVG_PRB,High MAX_USERS"
101,BGEG,1946,70,-112,556.436,2,"High Traffic,High UL_INTERFERENCE_AVG_PRB,Median MAX_USERS"
102,BHHD,1773,13,-119,103.074,0,"Low Traffic,Low UL_INTERFERENCE_AVG_PRB,Low MAX_USERS"
103,GHCC,9722,28,-119,264.434,0,"Low Traffic,Low UL_INTERFERENCE_AVG_PRB,Low MAX_USERS"
104,GGAB,6901,39,-119,675.202,0,"Low Traffic,Low UL_INTERFERENCE_AVG_PRB,Low MAX_USERS"
105,FEDB,5431,132,-113,739.136,2,"High Traffic,High UL_INTERFERENCE_AVG_PRB,Median MAX_USERS"
106,GHEC,6742,159,-111,675.241,1,"High Traffic,High UL_INTERFERENCE_AVG_PRB,High MAX_USERS"
107,EDGE,4364,69,-113,602.178,2,"High Traffic,High UL_INTERFERENCE_AVG_PRB,Median MAX_USERS"
108,FEBB,5411,15,-119,161.52300000000005,0,"Low Traffic,Low UL_INTERFERENCE_AVG_PRB,Low MAX_USERS"
109,GBHA,6170,29,-119,270.212,0,"Low Traffic,Low UL_INTERFERENCE_AVG_PRB,Low MAX_USERS"
110,DGAG,3909,35,-119,321.001,0,"Low Traffic,Low UL_INTERFERENCE_AVG_PRB,Low MAX_USERS"
111,HHDC,7732,147,-112,717.484,2,"High Traffic,High UL_INTERFERENCE_AVG_PRB,Median MAX_USERS"
112,GGAH,6907,248,-112,522.203,1,"High Traffic,High UL_INTERFERENCE_AVG_PRB,High MAX_USERS"
113,FEAA,5400,71,-113,496.221,2,"High Traffic,High UL_INTERFERENCE_AVG_PRB,Median MAX_USERS"
114,DGBF,3915,12,-119,168.789,0,"Low Traffic,Low UL_INTERFERENCE_AVG_PRB,Low MAX_USERS"
115,HDGF,7365,27,-119,271.579,0,"Low Traffic,Low UL_INTERFERENCE_AVG_PRB,Low MAX_USERS"
116,GEBA,9410,34,-119,214.082,0,"Low Traffic,Low UL_INTERFERENCE_AVG_PRB,Low MAX_USERS"
117,GCGH,6297,181,-111,672.042,1,"High Traffic,High UL_INTERFERENCE_AVG_PRB,High MAX_USERS"
118,HGFB,7951,174,-112,442.79200000000003,1,"High Traffic,High UL_INTERFERENCE_AVG_PRB,High MAX_USERS"
119,CFGE,2564,73,-113,713.256,2,"High Traffic,High UL_INTERFERENCE_AVG_PRB,Median MAX_USERS"
120,HEHB,7471,14,-119,166.963,0,"Low Traffic,Low UL_INTERFERENCE_AVG_PRB,Low MAX_USERS"
121,GHBG,9716,27,-119,1146.308,2,"High Traffic,High UL_INTERFERENCE_AVG_PRB,Median MAX_USERS"
122,EAIC,4082,31,-119,325.05899999999997,0,"Low Traffic,Low UL_INTERFERENCE_AVG_PRB,Low MAX_USERS"
123,FGGI,5998,96,-111,846.728,2,"High Traffic,High UL_INTERFERENCE_AVG_PRB,Median MAX_USERS"
124,CIIG,2886,61,-112,573.5210000000001,2,"High Traffic,High UL_INTERFERENCE_AVG_PRB,Median MAX_USERS"
125,BBIG,1186,79,-112,1023.257,2,"High Traffic,High UL_INTERFERENCE_AVG_PRB,Median MAX_USERS"
126,EBGD,4163,19,-119,230.63099999999997,0,"Low Traffic,Low UL_INTERFERENCE_AVG_PRB,Low MAX_USERS"
127,GFGE,9594,25,-119,741.324,0,"Low Traffic,Low UL_INTERFERENCE_AVG_PRB,Low MAX_USERS"
128,IGDA,8930,32,-119,606.514,0,"Low Traffic,Low UL_INTERFERENCE_AVG_PRB,Low MAX_USERS"
129,CICC,2822,86,-112,919.2770000000002,2,"High Traffic,High UL_INTERFERENCE_AVG_PRB,Median MAX_USERS"
130,GFHA,6570,56,-113,698.839,2,"High Traffic,High UL_INTERFERENCE_AVG_PRB,Median MAX_USERS"
131,FEAE,5404,71,-112,895.7239999999999,2,"High Traffic,High UL_INTERFERENCE_AVG_PRB,Median MAX_USERS"
132,EIDI,4838,16,-119,183.778,0,"Low Traffic,Low UL_INTERFERENCE_AVG_PRB,Low MAX_USERS"
133,CFDC,2532,23,-119,159.957,0,"Low Traffic,Low UL_INTERFERENCE_AVG_PRB,Low MAX_USERS"
134,GFHD,6573,30,-119,373.612,0,"Low Traffic,Low UL_INTERFERENCE_AVG_PRB,Low MAX_USERS"
135,CECH,2427,79,-113,574.115,2,"High Traffic,High UL_INTERFERENCE_AVG_PRB,Median MAX_USERS"
136,BBCA,1120,52,-113,563.405,2,"High Traffic,High UL_INTERFERENCE_AVG_PRB,Median MAX_USERS"
137,GABC,6012,66,-112,1184.102,2,"High Traffic,High UL_INTERFERENCE_AVG_PRB,Median MAX_USERS"
138,DGAC,3902,15,-119,326.836,0,"Low Traffic,Low UL_INTERFERENCE_AVG_PRB,Low MAX_USERS"
139,FEGE,5494,26,-119,486.448,0,"Low Traffic,Low UL_INTERFERENCE_AVG_PRB,Low MAX_USERS"
140,GDGB,9361,28,-119,312.974,0,"Low Traffic,Low UL_INTERFERENCE_AVG_PRB,Low MAX_USERS"
141,CICG,2829,287,-112,492.221,1,"High Traffic,High UL_INTERFERENCE_AVG_PRB,High MAX_USERS"
142,IIGG,8899,114,-112,719.1279999999999,2,"High Traffic,High UL_INTERFERENCE_AVG_PRB,Median MAX_USERS"
143,BGAE,1604,70,-112,774.1060000000002,2,"High Traffic,High UL_INTERFERENCE_AVG_PRB,Median MAX_USERS"
144,IGEG,8649,15,-119,163.274,0,"Low Traffic,Low UL_INTERFERENCE_AVG_PRB,Low MAX_USERS"
145,GGDH,6637,26,-119,180.14000000000001,0,"Low Traffic,Low UL_INTERFERENCE_AVG_PRB,Low MAX_USERS"
146,IAFE,8054,26,-119,173.28899999999996,0,"Low Traffic,Low UL_INTERFERENCE_AVG_PRB,Low MAX_USERS"
147,FCHF,5275,315,-112,412.808,1,"High Traffic,High UL_INTERFERENCE_AVG_PRB,High MAX_USERS"
148,GCGC,6292,183,-112,325.224,1,"High Traffic,High UL_INTERFERENCE_AVG_PRB,High MAX_USERS"
149,FHEC,5742,63,-112,528.417,2,"High Traffic,High UL_INTERFERENCE_AVG_PRB,Median MAX_USERS"
150,CCBD,2213,13,-119,399.15,0,"Low Traffic,Low UL_INTERFERENCE_AVG_PRB,Low MAX_USERS"
151,BCGE,1294,22,-119,313.76700000000005,0,"Low Traffic,Low UL_INTERFERENCE_AVG_PRB,Low MAX_USERS"
152,FEFA,5450,28,-119,170.302,0,"Low Traffic,Low UL_INTERFERENCE_AVG_PRB,Low MAX_USERS"
153,GFAI,9508,81,-112,677.435,2,"High Traffic,High UL_INTERFERENCE_AVG_PRB,Median MAX_USERS"
154,BCAG,1209,49,-112,435.239,2,"High Traffic,High UL_INTERFERENCE_AVG_PRB,Median MAX_USERS"
155,ECBC,4212,67,-112,610.2860000000001,2,"High Traffic,High UL_INTERFERENCE_AVG_PRB,Median MAX_USERS"
156,IIBC,8812,18,-119,100.096,0,"Low Traffic,Low UL_INTERFERENCE_AVG_PRB,Low MAX_USERS"
157,GHBF,9715,25,-119,203.341,0,"Low Traffic,Low UL_INTERFERENCE_AVG_PRB,Low MAX_USERS"
158,FHDG,5739,22,-119,188.84900000000002,0,"Low Traffic,Low UL_INTERFERENCE_AVG_PRB,Low MAX_USERS"
159,EGBF,4915,89,-113,864.049,2,"High Traffic,High UL_INTERFERENCE_AVG_PRB,Median MAX_USERS"
160,FEAI,5408,53,-112,363.515,2,"High Traffic,High UL_INTERFERENCE_AVG_PRB,Median MAX_USERS"
161,IDIG,8386,65,-112,456.20200000000006,2,"High Traffic,High UL_INTERFERENCE_AVG_PRB,Median MAX_USERS"
162,BBAG,1109,14,-119,127.343,0,"Low Traffic,Low UL_INTERFERENCE_AVG_PRB,Low MAX_USERS"
163,GCAD,9203,27,-119,144.259,0,"Low Traffic,Low UL_INTERFERENCE_AVG_PRB,Low MAX_USERS"
164,BCFA,1250,21,-119,81.799,0,"Low Traffic,Low UL_INTERFERENCE_AVG_PRB,Low MAX_USERS"
165,HFFG,7559,231,-112,660.159,1,"High Traffic,High UL_INTERFERENCE_AVG_PRB,High MAX_USERS"
166,IGFF,8655,129,-112,375.96299999999997,2,"High Traffic,High UL_INTERFERENCE_AVG_PRB,Median MAX_USERS"
167,EDFD,4353,57,-111,285.33900000000006,2,"High Traffic,High UL_INTERFERENCE_AVG_PRB,Median MAX_USERS"
168,EBDD,4133,11,-119,24.728,0,"Low Traffic,Low UL_INTERFERENCE_AVG_PRB,Low MAX_USERS"
169,FCDG,5236,23,-119,105.59,0,"Low Traffic,Low UL_INTERFERENCE_AVG_PRB,Low MAX_USERS"
170,FAIA,5080,27,-119,313.44500000000005,0,"Low Traffic,Low UL_INTERFERENCE_AVG_PRB,Low MAX_USERS"
171,IAGB,8091,115,-112,506.484,2,"High Traffic,High UL_INTERFERENCE_AVG_PRB,Median MAX_USERS"
172,GGAI,9608,102,-111,291.879,2,"High Traffic,High UL_INTERFERENCE_AVG_PRB,Median MAX_USERS"
173,GEHA,9470,71,-112,548.883,2,"High Traffic,High UL_INTERFERENCE_AVG_PRB,Median MAX_USERS"
174,GCDE,6234,12,-119,135.302,0,"Low Traffic,Low UL_INTERFERENCE_AVG_PRB,Low MAX_USERS"
175,HGCC,7622,23,-119,94.82000000000001,0,"Low Traffic,Low UL_INTERFERENCE_AVG_PRB,Low MAX_USERS"
176,BGGA,1990,26,-119,209.12800000000001,0,"Low Traffic,Low UL_INTERFERENCE_AVG_PRB,Low MAX_USERS"
177,GHGI,9768,88,-113,554.131,2,"High Traffic,High UL_INTERFERENCE_AVG_PRB,Median MAX_USERS"
178,HGFG,7956,55,-113,403.68399999999997,2,"High Traffic,High UL_INTERFERENCE_AVG_PRB,Median MAX_USERS"
179,ICEF,8245,67,-113,427.6160000000001,2,"High Traffic,High UL_INTERFERENCE_AVG_PRB,Median MAX_USERS"
180,DCDD,3233,13,-119,71.30499999999999,0,"Low Traffic,Low UL_INTERFERENCE_AVG_PRB,Low MAX_USERS"
181,GCCG,9226,27,-119,105.625,0,"Low Traffic,Low UL_INTERFERENCE_AVG_PRB,Low MAX_USERS"
182,HBHD,7173,29,-119,196.709,0,"Low Traffic,Low UL_INTERFERENCE_AVG_PRB,Low MAX_USERS"
183,ICFG,8259,92,-113,613.105,2,"High Traffic,High UL_INTERFERENCE_AVG_PRB,Median MAX_USERS"
184,IFGC,8562,51,-112,479.353,2,"High Traffic,High UL_INTERFERENCE_AVG_PRB,Median MAX_USERS"
185,ICED,8243,68,-112,634.338,2,"High Traffic,High UL_INTERFERENCE_AVG_PRB,Median MAX_USERS"
186,IBGF,8165,11,-119,35.396,0,"Low Traffic,Low UL_INTERFERENCE_AVG_PRB,Low MAX_USERS"
187,EBCC,4122,23,-119,212.37699999999998,0,"Low Traffic,Low UL_INTERFERENCE_AVG_PRB,Low MAX_USERS"
188,GBCD,9123,40,-119,510.593,0,"Low Traffic,Low UL_INTERFERENCE_AVG_PRB,Low MAX_USERS"
189,DCDI,3238,212,-113,656.65,1,"High Traffic,High UL_INTERFERENCE_AVG_PRB,High MAX_USERS"
190,ICBC,8212,318,-112,547.707,1,"High Traffic,High UL_INTERFERENCE_AVG_PRB,High MAX_USERS"
191,FBHF,5175,66,-113,517.3710000000001,2,"High Traffic,High UL_INTERFERENCE_AVG_PRB,Median MAX_USERS"
192,IGGI,8998,13,-119,92.907,0,"Low Traffic,Low UL_INTERFERENCE_AVG_PRB,Low MAX_USERS"
193,GGEF,9945,24,-119,127.28200000000001,0,"Low Traffic,Low UL_INTERFERENCE_AVG_PRB,Low MAX_USERS"
194,EEID,4483,30,-119,209.51700000000002,0,"Low Traffic,Low UL_INTERFERENCE_AVG_PRB,Low MAX_USERS"
195,GAAI,6008,95,-113,761.353,2,"High Traffic,High UL_INTERFERENCE_AVG_PRB,Median MAX_USERS"
196,FGAB,5901,56,-112,861.7250000000003,2,"High Traffic,High UL_INTERFERENCE_AVG_PRB,Median MAX_USERS"
197,FHGC,5792,76,-112,668.0790000000001,2,"High Traffic,High UL_INTERFERENCE_AVG_PRB,Median MAX_USERS"
198,FCDG,5239,15,-119,144.89600000000002,0,"Low Traffic,Low UL_INTERFERENCE_AVG_PRB,Low MAX_USERS"
199,HDAB,7301,39,-119,389.547,0,"Low Traffic,Low UL_INTERFERENCE_AVG_PRB,Low MAX_USERS"
200,IGGB,8691,40,-119,282.528,0,"Low Traffic,Low UL_INTERFERENCE_AVG_PRB,Low MAX_USERS"
201,IAEG,8049,182,-112,669.1139999999999,1,"High Traffic,High UL_INTERFERENCE_AVG_PRB,High MAX_USERS"
202,ECBA,4210,180,-113,671.694,1,"High Traffic,High UL_INTERFERENCE_AVG_PRB,High MAX_USERS"
203,EAEI,4048,73,-113,687.306,2,"High Traffic,High UL_INTERFERENCE_AVG_PRB,Median MAX_USERS"
204,FBDG,5139,13,-119,114.271,0,"Low Traffic,Low UL_INTERFERENCE_AVG_PRB,Low MAX_USERS"
205,DEGA,3460,35,-119,286.547,0,"Low Traffic,Low UL_INTERFERENCE_AVG_PRB,Low MAX_USERS"
206,HGDG,7939,27,-119,108.956,0,"Low Traffic,Low UL_INTERFERENCE_AVG_PRB,Low MAX_USERS"
207,ECEA,4240,108,-113,787.0690000000002,2,"High Traffic,High UL_INTERFERENCE_AVG_PRB,Median MAX_USERS"
208,HIDG,7836,57,-113,287.618,2,"High Traffic,High UL_INTERFERENCE_AVG_PRB,Median MAX_USERS"
209,EHFB,4751,65,-112,373.64300000000003,2,"High Traffic,High UL_INTERFERENCE_AVG_PRB,Median MAX_USERS"
210,GBGH,6167,13,-119,91.207,0,"Low Traffic,Low UL_INTERFERENCE_AVG_PRB,Low MAX_USERS"
211,FGGE,5964,25,-119,152.749,0,"Low Traffic,Low UL_INTERFERENCE_AVG_PRB,Low MAX_USERS"
212,GFGA,9590,32,-119,121.685,0,"Low Traffic,Low UL_INTERFERENCE_AVG_PRB,Low MAX_USERS"
213,GIII,9888,92,-113,679.915,2,"High Traffic,High UL_INTERFERENCE_AVG_PRB,Median MAX_USERS"
214,BAHG,1076,66,-113,573.248,2,"High Traffic,High UL_INTERFERENCE_AVG_PRB,Median MAX_USERS"
215,HIAG,7809,63,-113,410.186,2,"High Traffic,High UL_INTERFERENCE_AVG_PRB,Median MAX_USERS"
216,FBEH,5147,15,-119,129.81199999999998,0,"Low Traffic,Low UL_INTERFERENCE_AVG_PRB,Low MAX_USERS"
217,EFHA,4570,31,-119,247.336,0,"Low Traffic,Low UL_INTERFERENCE_AVG_PRB,Low MAX_USERS"
218,BBAF,1105,35,-119,126.71,0,"Low Traffic,Low UL_INTERFERENCE_AVG_PRB,Low MAX_USERS"
219,BBFG,1156,120,-112,473.83500000000004,2,"High Traffic,High UL_INTERFERENCE_AVG_PRB,Median MAX_USERS"
220,CBDH,2137,68,-111,514.952,2,"High Traffic,High UL_INTERFERENCE_AVG_PRB,Median MAX_USERS"
221,CIFD,2853,70,-112,649.0880000000001,2,"High Traffic,High UL_INTERFERENCE_AVG_PRB,Median MAX_USERS"
222,EEBH,4417,15,-119,174.753,0,"Low Traffic,Low UL_INTERFERENCE_AVG_PRB,Low MAX_USERS"
223,BFCA,1520,31,-119,339.707,0,"Low Traffic,Low UL_INTERFERENCE_AVG_PRB,Low MAX_USERS"
224,EGHD,4673,36,-119,300.736,0,"Low Traffic,Low UL_INTERFERENCE_AVG_PRB,Low MAX_USERS"
225,IDGE,8364,125,-112,729.904,2,"High Traffic,High UL_INTERFERENCE_AVG_PRB,Median MAX_USERS"
226,CBCI,2128,141,-113,849.375,2,"High Traffic,High UL_INTERFERENCE_AVG_PRB,Median MAX_USERS"
227,IGAF,8605,73,-113,576.8389999999999,2,"High Traffic,High UL_INTERFERENCE_AVG_PRB,Median MAX_USERS"
228,CCCE,2224,19,-119,138.633,0,"Low Traffic,Low UL_INTERFERENCE_AVG_PRB,Low MAX_USERS"
229,DFCC,3522,26,-119,111.408,0,"Low Traffic,Low UL_INTERFERENCE_AVG_PRB,Low MAX_USERS"
230,IGGF,8995,35,-119,242.16500000000002,0,"Low Traffic,Low UL_INTERFERENCE_AVG_PRB,Low MAX_USERS"
231,IGCB,8921,89,-112,791.999,2,"High Traffic,High UL_INTERFERENCE_AVG_PRB,Median MAX_USERS"
232,GFHD,9573,71,-112,483.358,2,"High Traffic,High UL_INTERFERENCE_AVG_PRB,Median MAX_USERS"
233,IGIH,8987,81,-112,748.5700000000002,2,"High Traffic,High UL_INTERFERENCE_AVG_PRB,Median MAX_USERS"
234,IDBD,8313,19,-119,277.74,0,"Low Traffic,Low UL_INTERFERENCE_AVG_PRB,Low MAX_USERS"
235,HCGE,7294,28,-119,244.95499999999998,0,"Low Traffic,Low UL_INTERFERENCE_AVG_PRB,Low MAX_USERS"
236,BFFG,1559,46,-119,234.736,0,"Low Traffic,Low UL_INTERFERENCE_AVG_PRB,Low MAX_USERS"
237,GDDG,9336,194,-112,1129.204,1,"High Traffic,High UL_INTERFERENCE_AVG_PRB,High MAX_USERS"
238,DGGG,3969,232,-111,296.961,1,"High Traffic,High UL_INTERFERENCE_AVG_PRB,High MAX_USERS"
239,EIEG,4846,71,-113,646.945,2,"High Traffic,High UL_INTERFERENCE_AVG_PRB,Median MAX_USERS"
240,HCEF,7245,21,-119,582.731,0,"Low Traffic,Low UL_INTERFERENCE_AVG_PRB,Low MAX_USERS"
241,BFIF,1585,29,-119,254.757,0,"Low Traffic,Low UL_INTERFERENCE_AVG_PRB,Low MAX_USERS"
242,GCCG,9229,49,-119,387.387,0,"Low Traffic,Low UL_INTERFERENCE_AVG_PRB,Low MAX_USERS"
243,BHGF,1795,108,-112,1030.193,2,"High Traffic,High UL_INTERFERENCE_AVG_PRB,Median MAX_USERS"
244,EDGH,4397,82,-111,483.582,2,"High Traffic,High UL_INTERFERENCE_AVG_PRB,Median MAX_USERS"
245,CCHB,2271,83,-112,781.7389999999999,2,"High Traffic,High UL_INTERFERENCE_AVG_PRB,Median MAX_USERS"
246,IBBG,8119,23,-119,538.614,0,"Low Traffic,Low UL_INTERFERENCE_AVG_PRB,Low MAX_USERS"
247,EIGB,4861,32,-119,368.056,0,"Low Traffic,Low UL_INTERFERENCE_AVG_PRB,Low MAX_USERS"
248,GBGG,9199,42,-119,392.903,0,"Low Traffic,Low UL_INTERFERENCE_AVG_PRB,Low MAX_USERS"
249,GAEH,6047,310,-111,909.0759999999998,1,"High Traffic,High UL_INTERFERENCE_AVG_PRB,High MAX_USERS"
250,CECC,2422,149,-111,534.865,2,"High Traffic,High UL_INTERFERENCE_AVG_PRB,Median MAX_USERS"
251,EHGF,4795,86,-113,996.302,2,"High Traffic,High UL_INTERFERENCE_AVG_PRB,Median MAX_USERS"
252,GGGC,9992,21,-119,276.03000000000003,0,"Low Traffic,Low UL_INTERFERENCE_AVG_PRB,Low MAX_USERS"
253,EDGI,4368,35,-119,368.134,0,"Low Traffic,Low UL_INTERFERENCE_AVG_PRB,Low MAX_USERS"
254,CADF,2035,39,-119,252.768,0,"Low Traffic,Low UL_INTERFERENCE_AVG_PRB,Low MAX_USERS"
255,CACC,2022,247,-111,952.183,1,"High Traffic,High UL_INTERFERENCE_AVG_PRB,High MAX_USERS"
256,IEIC,8482,265,-111,494.694,1,"High Traffic,High UL_INTERFERENCE_AVG_PRB,High MAX_USERS"
257,FDGA,5390,98,-112,1339.0729999999999,2,"High Traffic,High UL_INTERFERENCE_AVG_PRB,Median MAX_USERS"
258,EEGF,4465,21,-119,254.38,0,"Low Traffic,Low UL_INTERFERENCE_AVG_PRB,Low MAX_USERS"
259,BDGG,1369,32,-119,314.514,0,"Low Traffic,Low UL_INTERFERENCE_AVG_PRB,Low MAX_USERS"
260,BGFI,1658,42,-119,547.106,0,"Low Traffic,Low UL_INTERFERENCE_AVG_PRB,Low MAX_USERS"
261,BDBC,1312,161,-111,883.047,1,"High Traffic,High UL_INTERFERENCE_AVG_PRB,High MAX_USERS"
262,IGFB,8951,155,-111,509.635,1,"High Traffic,High UL_INTERFERENCE_AVG_PRB,High MAX_USERS"
263,DHHB,3771,95,-112,1065.787,2,"High Traffic,High UL_INTERFERENCE_AVG_PRB,Median MAX_USERS"
264,HGGD,7663,16,-119,184.45399999999998,0,"Low Traffic,Low UL_INTERFERENCE_AVG_PRB,Low MAX_USERS"
265,GDHE,9374,31,-119,346.2100000000001,0,"Low Traffic,Low UL_INTERFERENCE_AVG_PRB,Low MAX_USERS"
266,HHBA,7710,50,-119,428.196,0,"Low Traffic,Low UL_INTERFERENCE_AVG_PRB,Low MAX_USERS"
267,IEIB,8481,306,-112,783.2379999999999,1,"High Traffic,High UL_INTERFERENCE_AVG_PRB,High MAX_USERS"
268,HCFG,7259,215,-112,502.659,1,"High Traffic,High UL_INTERFERENCE_AVG_PRB,High MAX_USERS"
269,DIIF,3885,106,-113,936.907,2,"High Traffic,High UL_INTERFERENCE_AVG_PRB,Median MAX_USERS"
270,FCBE,5214,21,-119,214.512,0,"Low Traffic,Low UL_INTERFERENCE_AVG_PRB,Low MAX_USERS"
271,FHBE,5714,41,-119,787.8879999999999,0,"Low Traffic,Low UL_INTERFERENCE_AVG_PRB,Low MAX_USERS"
272,BEAH,1407,39,-119,676.754,0,"Low Traffic,Low UL_INTERFERENCE_AVG_PRB,Low MAX_USERS"
273,FGEH,5947,151,-112,731.7729999999999,2,"High Traffic,High UL_INTERFERENCE_AVG_PRB,Median MAX_USERS"
274,GDFF,9355,87,-112,431.756,2,"High Traffic,High UL_INTERFERENCE_AVG_PRB,Median MAX_USERS"
275,FGDG,5939,108,-112,1169.6589999999999,2,"High Traffic,High UL_INTERFERENCE_AVG_PRB,Median MAX_USERS"
276,DHAC,3702,19,-119,229.649,0,"Low Traffic,Low UL_INTERFERENCE_AVG_PRB,Low MAX_USERS"
277,FAGI,5098,36,-119,1576.6080000000002,2,"High Traffic,High UL_INTERFERENCE_AVG_PRB,Median MAX_USERS"
278,ECIF,4285,34,-119,350.736,0,"Low Traffic,Low UL_INTERFERENCE_AVG_PRB,Low MAX_USERS"
279,CCEF,2245,110,-112,759.499,2,"High Traffic,High UL_INTERFERENCE_AVG_PRB,Median MAX_USERS"
280,IGGG,8696,64,-112,614.864,2,"High Traffic,High UL_INTERFERENCE_AVG_PRB,Median MAX_USERS"
281,EEGB,4491,103,-112,1137.5990000000002,2,"High Traffic,High UL_INTERFERENCE_AVG_PRB,Median MAX_USERS"
282,FGDH,5637,23,-119,270.165,0,"Low Traffic,Low UL_INTERFERENCE_AVG_PRB,Low MAX_USERS"
283,BCIF,1285,35,-119,638.4820000000001,0,"Low Traffic,Low UL_INTERFERENCE_AVG_PRB,Low MAX_USERS"
284,EHFG,4756,36,-119,339.007,0,"Low Traffic,Low UL_INTERFERENCE_AVG_PRB,Low MAX_USERS"
285,CDIE,2384,117,-111,736.0690000000001,2,"High Traffic,High UL_INTERFERENCE_AVG_PRB,Median MAX_USERS"
286,HFAI,7508,120,-111,559.854,2,"High Traffic,High UL_INTERFERENCE_AVG_PRB,Median MAX_USERS"
287,EGIG,4989,97,-112,1320.775,2,"High Traffic,High UL_INTERFERENCE_AVG_PRB,Median MAX_USERS"
288,GADC,6032,22,-119,170.726,0,"Low Traffic,Low UL_INTERFERENCE_AVG_PRB,Low MAX_USERS"
289,FBGB,5161,37,-119,656.085,0,"Low Traffic,Low UL_INTERFERENCE_AVG_PRB,Low MAX_USERS"
290,HEFE,7454,35,-119,339.606,0,"Low Traffic,Low UL_INTERFERENCE_AVG_PRB,Low MAX_USERS"
291,BHIA,1780,171,-111,958.829,1,"High Traffic,High UL_INTERFERENCE_AVG_PRB,High MAX_USERS"
292,IEFD,8453,95,-111,609.5600000000001,2,"High Traffic,High UL_INTERFERENCE_AVG_PRB,Median MAX_USERS"
293,BBGF,1195,102,-111,1173.993,2,"High Traffic,High UL_INTERFERENCE_AVG_PRB,Median MAX_USERS"
294,BGHG,1976,23,-119,479.391,0,"Low Traffic,Low UL_INTERFERENCE_AVG_PRB,Low MAX_USERS"
295,HHGA,7760,39,-119,583.661,0,"Low Traffic,Low UL_INTERFERENCE_AVG_PRB,Low MAX_USERS"
296,IGEI,8948,36,-119,580.088,0,"Low Traffic,Low UL_INTERFERENCE_AVG_PRB,Low MAX_USERS"
297,GEFD,9453,224,-111,857.663,1,"High Traffic,High UL_INTERFERENCE_AVG_PRB,High MAX_USERS"
298,CADC,2032,123,-112,696.77,2,"High Traffic,High UL_INTERFERENCE_AVG_PRB,Median MAX_USERS"
299,DGIA,3680,108,-112,1072.032,2,"High Traffic,High UL_INTERFERENCE_AVG_PRB,Median MAX_USERS"
300,HBGG,7199,22,-119,466.505,0,"Low Traffic,Low UL_INTERFERENCE_AVG_PRB,Low MAX_USERS"
301,EFAB,4501,35,-119,390.31,0,"Low Traffic,Low UL_INTERFERENCE_AVG_PRB,Low MAX_USERS"
302,CFEH,2547,39,-119,527.458,0,"Low Traffic,Low UL_INTERFERENCE_AVG_PRB,Low MAX_USERS"
303,CBFG,2159,194,-112,710.3349999999999,1,"High Traffic,High UL_INTERFERENCE_AVG_PRB,High MAX_USERS"
304,GCFB,9251,176,-112,882.3570000000001,1,"High Traffic,High UL_INTERFERENCE_AVG_PRB,High MAX_USERS"
305,EDBE,4314,105,-112,1062.448,2,"High Traffic,High UL_INTERFERENCE_AVG_PRB,Median MAX_USERS"
306,FFGC,5562,22,-119,281.468,0,"Low Traffic,Low UL_INTERFERENCE_AVG_PRB,Low MAX_USERS"
307,DGAG,3606,36,-119,494.094,0,"Low Traffic,Low UL_INTERFERENCE_AVG_PRB,Low MAX_USERS"
308,CGGD,2993,36,-119,417.069,0,"Low Traffic,Low UL_INTERFERENCE_AVG_PRB,Low MAX_USERS"
309,CDGH,2367,140,-112,880.0059999999999,2,"High Traffic,High UL_INTERFERENCE_AVG_PRB,Median MAX_USERS"
310,EBID,4183,123,-111,806.876,2,"High Traffic,High UL_INTERFERENCE_AVG_PRB,Median MAX_USERS"
311,HBBF,7115,102,-112,1193.622,2,"High Traffic,High UL_INTERFERENCE_AVG_PRB,Median MAX_USERS"
312,EECE,4424,20,-119,193.768,0,"Low Traffic,Low UL_INTERFERENCE_AVG_PRB,Low MAX_USERS"
313,GFDD,6533,43,-119,635.619,0,"Low Traffic,Low UL_INTERFERENCE_AVG_PRB,Low MAX_USERS"
314,GAAE,9004,35,-119,386.64,0,"Low Traffic,Low UL_INTERFERENCE_AVG_PRB,Low MAX_USERS"
315,FIAH,5807,255,-112,848.6939999999998,1,"High Traffic,High UL_INTERFERENCE_AVG_PRB,High MAX_USERS"
316,CGHI,2978,135,-112,773.3149999999999,2,"High Traffic,High UL_INTERFERENCE_AVG_PRB,Median MAX_USERS"
317,BGIC,1682,97,-112,1231.8690000000001,2,"High Traffic,High UL_INTERFERENCE_AVG_PRB,Median MAX_USERS"
318,DIBG,3819,24,-119,214.59099999999998,0,"Low Traffic,Low UL_INTERFERENCE_AVG_PRB,Low MAX_USERS"
319,DIEE,3844,40,-118,775.584,2,"High Traffic,High UL_INTERFERENCE_AVG_PRB,Median MAX_USERS"
320,CGFE,2954,32,-119,239.033,0,"Low Traffic,Low UL_INTERFERENCE_AVG_PRB,Low MAX_USERS"
321,CFFF,2555,94,-111,759.068,2,"High Traffic,High UL_INTERFERENCE_AVG_PRB,Median MAX_USERS"
322,CHFE,2754,50,-110,636.068,2,"High Traffic,High UL_INTERFERENCE_AVG_PRB,Median MAX_USERS"
323,FGFI,5958,92,-111,987.291,2,"High Traffic,High UL_INTERFERENCE_AVG_PRB,Median MAX_USERS"
324,HGBH,7617,19,-119,111.764,0,"Low Traffic,Low UL_INTERFERENCE_AVG_PRB,Low MAX_USERS"
325,ECDH,4237,37,-119,724.6580000000001,0,"Low Traffic,Low UL_INTERFERENCE_AVG_PRB,Low MAX_USERS"
326,HEHG,7476,28,-119,225.108,0,"Low Traffic,Low UL_INTERFERENCE_AVG_PRB,Low MAX_USERS"
327,GEBG,9419,93,-112,766.985,2,"High Traffic,High UL_INTERFERENCE_AVG_PRB,Median MAX_USERS"
328,CGGE,2664,54,-111,742.683,2,"High Traffic,High UL_INTERFERENCE_AVG_PRB,Median MAX_USERS"
329,HIHH,7877,86,-111,940.135,2,"High Traffic,High UL_INTERFERENCE_AVG_PRB,Median MAX_USERS"
330,IFEG,8549,20,-119,196.77,0,"Low Traffic,Low UL_INTERFERENCE_AVG_PRB,Low MAX_USERS"
331,FEIB,5481,34,-119,384.54200000000003,0,"Low Traffic,Low UL_INTERFERENCE_AVG_PRB,Low MAX_USERS"
332,GDGG,9399,32,-119,230.902,0,"Low Traffic,Low UL_INTERFERENCE_AVG_PRB,Low MAX_USERS"
333,FFCG,5529,169,-113,762.547,1,"High Traffic,High UL_INTERFERENCE_AVG_PRB,High MAX_USERS"
334,IHFE,8754,161,-112,771.785,1,"High Traffic,High UL_INTERFERENCE_AVG_PRB,High MAX_USERS"
335,CHEE,2744,75,-112,1062.302,2,"High Traffic,High UL_INTERFERENCE_AVG_PRB,Median MAX_USERS"
336,FGIA,5680,18,-119,134.993,0,"Low Traffic,Low UL_INTERFERENCE_AVG_PRB,Low MAX_USERS"
337,GFGB,6591,34,-119,399.61199999999997,0,"Low Traffic,Low UL_INTERFERENCE_AVG_PRB,Low MAX_USERS"
338,EHCH,4727,21,-119,211.67999999999998,0,"Low Traffic,Low UL_INTERFERENCE_AVG_PRB,Low MAX_USERS"
339,IFFG,8559,76,-113,584.838,2,"High Traffic,High UL_INTERFERENCE_AVG_PRB,Median MAX_USERS"
340,GCBH,6217,53,-113,1002.674,2,"High Traffic,High UL_INTERFERENCE_AVG_PRB,Median MAX_USERS"
341,BADI,1038,72,-113,749.1460000000001,2,"High Traffic,High UL_INTERFERENCE_AVG_PRB,Median MAX_USERS"
342,GDEG,6346,14,-119,139.752,0,"Low Traffic,Low UL_INTERFERENCE_AVG_PRB,Low MAX_USERS"
343,FGIA,5980,26,-119,296.274,0,"Low Traffic,Low UL_INTERFERENCE_AVG_PRB,Low MAX_USERS"
344,IAEG,8046,24,-119,244.759,0,"Low Traffic,Low UL_INTERFERENCE_AVG_PRB,Low MAX_USERS"
345,FHFG,5759,79,-113,539.088,2,"High Traffic,High UL_INTERFERENCE_AVG_PRB,Median MAX_USERS"
346,BBHG,1176,48,-114,712.811,2,"High Traffic,High UL_INTERFERENCE_AVG_PRB,Median MAX_USERS"
347,FGCA,5620,73,-113,492.593,2,"High Traffic,High UL_INTERFERENCE_AVG_PRB,Median MAX_USERS"
348,DABG,3016,12,-119,176.36399999999998,0,"Low Traffic,Low UL_INTERFERENCE_AVG_PRB,Low MAX_USERS"
349,DGGH,3967,23,-119,260.357,0,"Low Traffic,Low UL_INTERFERENCE_AVG_PRB,Low MAX_USERS"
350,FCCA,5220,19,-119,123.974,0,"Low Traffic,Low UL_INTERFERENCE_AVG_PRB,Low MAX_USERS"
351,GADD,6033,63,-113,509.902,2,"High Traffic,High UL_INTERFERENCE_AVG_PRB,Median MAX_USERS"
352,CHAG,2709,43,-114,846.738,2,"High Traffic,High UL_INTERFERENCE_AVG_PRB,Median MAX_USERS"
353,BDAC,1302,74,-114,566.9939999999999,2,"High Traffic,High UL_INTERFERENCE_AVG_PRB,Median MAX_USERS"
354,BFFF,1555,14,-119,88.844,0,"Low Traffic,Low UL_INTERFERENCE_AVG_PRB,Low MAX_USERS"
355,CBGG,2199,29,-119,197.4,0,"Low Traffic,Low UL_INTERFERENCE_AVG_PRB,Low MAX_USERS"
356,GGBA,9610,22,-119,859.002,0,"Low Traffic,Low UL_INTERFERENCE_AVG_PRB,Low MAX_USERS"
357,FCGD,5293,61,-113,447.99100000000004,2,"High Traffic,High UL_INTERFERENCE_AVG_PRB,Median MAX_USERS"
358,GGBG,9916,42,-115,705.9700000000001,2,"High Traffic,High UL_INTERFERENCE_AVG_PRB,Median MAX_USERS"
359,FAGD,5063,65,-115,904.217,2,"High Traffic,High UL_INTERFERENCE_AVG_PRB,Median MAX_USERS"
360,EHHD,4773,13,-119,111.11099999999999,0,"Low Traffic,Low UL_INTERFERENCE_AVG_PRB,Low MAX_USERS"
361,EGII,4988,28,-119,199.73000000000002,0,"Low Traffic,Low UL_INTERFERENCE_AVG_PRB,Low MAX_USERS"
362,GBBB,6111,24,-119,348.148,0,"Low Traffic,Low UL_INTERFERENCE_AVG_PRB,Low MAX_USERS"
363,BGAB,1601,152,-113,331.702,2,"High Traffic,High UL_INTERFERENCE_AVG_PRB,Median MAX_USERS"
364,CDCA,2320,151,-115,614.913,2,"High Traffic,High UL_INTERFERENCE_AVG_PRB,Median MAX_USERS"
365,DIIB,3881,83,-114,463.123,2,"High Traffic,High UL_INTERFERENCE_AVG_PRB,Median MAX_USERS"
366,BDAB,1301,14,-119,54.845,0,"Low Traffic,Low UL_INTERFERENCE_AVG_PRB,Low MAX_USERS"
367,HGGF,7665,25,-119,193.754,0,"Low Traffic,Low UL_INTERFERENCE_AVG_PRB,Low MAX_USERS"
368,ICHC,8272,16,-119,164.37700000000004,0,"Low Traffic,Low UL_INTERFERENCE_AVG_PRB,Low MAX_USERS"
369,HCHF,7275,62,-114,370.47600000000006,2,"High Traffic,High UL_INTERFERENCE_AVG_PRB,Median MAX_USERS"
370,HDDE,7334,33,-114,472.913,2,"High Traffic,High UL_INTERFERENCE_AVG_PRB,Median MAX_USERS"
371,HFAD,7503,60,-115,606.14,2,"High Traffic,High UL_INTERFERENCE_AVG_PRB,Median MAX_USERS"
372,IIEC,8842,15,-120,71.044,0,"Low Traffic,Low UL_INTERFERENCE_AVG_PRB,Low MAX_USERS"
373,IBCF,8125,18,-120,211.466,0,"Low Traffic,Low UL_INTERFERENCE_AVG_PRB,Low MAX_USERS"
374,IEGD,8493,13,-119,389.647,0,"Low Traffic,Low UL_INTERFERENCE_AVG_PRB,Low MAX_USERS"
375,GAHG,9079,58,-115,385.98699999999997,2,"High Traffic,High UL_INTERFERENCE_AVG_PRB,Median MAX_USERS"
376,FCFF,5255,34,-115,425.23900000000003,0,"Low Traffic,Low UL_INTERFERENCE_AVG_PRB,Low MAX_USERS"
377,HFGE,7594,56,-115,829.172,2,"High Traffic,High UL_INTERFERENCE_AVG_PRB,Median MAX_USERS"
378,GIDC,9832,12,-120,100.956,0,"Low Traffic,Low UL_INTERFERENCE_AVG_PRB,Low MAX_USERS"
379,GHCB,6721,17,-120,222.048,0,"Low Traffic,Low UL_INTERFERENCE_AVG_PRB,Low MAX_USERS"
380,DBFC,3152,11,-120,82.596,0,"Low Traffic,Low UL_INTERFERENCE_AVG_PRB,Low MAX_USERS"
381,EBGG,4166,55,-115,239.234,0,"Low Traffic,Low UL_INTERFERENCE_AVG_PRB,Low MAX_USERS"
382,EHEI,4748,30,-115,313.90999999999997,0,"Low Traffic,Low UL_INTERFERENCE_AVG_PRB,Low MAX_USERS"
383,IIIB,8881,55,-115,624.087,2,"High Traffic,High UL_INTERFERENCE_AVG_PRB,Median MAX_USERS"
384,GHCA,6720,12,-120,259.245,0,"Low Traffic,Low UL_INTERFERENCE_AVG_PRB,Low MAX_USERS"
385,HIHF,7875,16,-120,93.33399999999999,0,"Low Traffic,Low UL_INTERFERENCE_AVG_PRB,Low MAX_USERS"
386,CDFH,2357,14,-120,9.492,0,"Low Traffic,Low UL_INTERFERENCE_AVG_PRB,Low MAX_USERS"
387,FGCG,5629,55,-115,301.66700000000003,0,"Low Traffic,Low UL_INTERFERENCE_AVG_PRB,Low MAX_USERS"
388,GGIH,9687,34,-115,261.423,0,"Low Traffic,Low UL_INTERFERENCE_AVG_PRB,Low MAX_USERS"
389,CFEF,2545,51,-116,377.503,0,"Low Traffic,Low UL_INTERFERENCE_AVG_PRB,Low MAX_USERS"
390,DEHC,3472,11,-119,81.32700000000001,0,"Low Traffic,Low UL_INTERFERENCE_AVG_PRB,Low MAX_USERS"
391,BGFI,1958,15,-120,34.28,0,"Low Traffic,Low UL_INTERFERENCE_AVG_PRB,Low MAX_USERS"
392,DCCG,3229,13,-119,10.568999999999999,0,"Low Traffic,Low UL_INTERFERENCE_AVG_PRB,Low MAX_USERS"
393,FGGG,5699,46,-115,299.639,0,"Low Traffic,Low UL_INTERFERENCE_AVG_PRB,Low MAX_USERS"
394,GGGG,6999,30,-116,170.79799999999994,0,"Low Traffic,Low UL_INTERFERENCE_AVG_PRB,Low MAX_USERS"
395,GBFC,6152,50,-116,335.61800000000005,0,"Low Traffic,Low UL_INTERFERENCE_AVG_PRB,Low MAX_USERS"
396,BGCI,1928,12,-119,13.786,0,"Low Traffic,Low UL_INTERFERENCE_AVG_PRB,Low MAX_USERS"
397,GIHI,6878,15,-119,86.037,0,"Low Traffic,Low UL_INTERFERENCE_AVG_PRB,Low MAX_USERS"
398,GACA,9020,11,-119,63.692,0,"Low Traffic,Low UL_INTERFERENCE_AVG_PRB,Low MAX_USERS"
399,DDHG,3376,48,-115,249.814,0,"Low Traffic,Low UL_INTERFERENCE_AVG_PRB,Low MAX_USERS"
400,CDAB,2301,23,-116,58.61,0,"Low Traffic,Low UL_INTERFERENCE_AVG_PRB,Low MAX_USERS"
401,CGIG,2686,50,-116,408.284,0,"Low Traffic,Low UL_INTERFERENCE_AVG_PRB,Low MAX_USERS"
402,FFGC,5592,11,-120,5.773,0,"Low Traffic,Low UL_INTERFERENCE_AVG_PRB,Low MAX_USERS"
403,CFGD,2563,16,-120,21.117,0,"Low Traffic,Low UL_INTERFERENCE_AVG_PRB,Low MAX_USERS"
404,BEBI,1418,10,-120,1.88,0,"Low Traffic,Low UL_INTERFERENCE_AVG_PRB,Low MAX_USERS"
405,DBDA,3130,49,-115,52.612,0,"Low Traffic,Low UL_INTERFERENCE_AVG_PRB,Low MAX_USERS"
406,BFIC,1582,24,-116,55.45800000000001,0,"Low Traffic,Low UL_INTERFERENCE_AVG_PRB,Low MAX_USERS"
407,IBAE,8104,50,-116,388.036,0,"Low Traffic,Low UL_INTERFERENCE_AVG_PRB,Low MAX_USERS"
408,GGFE,9954,13,-119,39.086,0,"Low Traffic,Low UL_INTERFERENCE_AVG_PRB,Low MAX_USERS"
409,FGAE,5904,12,-119,3.794,0,"Low Traffic,Low UL_INTERFERENCE_AVG_PRB,Low MAX_USERS"
410,CIGI,2868,8,-120,2.975,0,"Low Traffic,Low UL_INTERFERENCE_AVG_PRB,Low MAX_USERS"
411,DDDF,3335,43,-115,109.688,0,"Low Traffic,Low UL_INTERFERENCE_AVG_PRB,Low MAX_USERS"
412,CCFD,2253,28,-116,147.30599999999998,0,"Low Traffic,Low UL_INTERFERENCE_AVG_PRB,Low MAX_USERS"
413,ECEG,4249,47,-116,372.7030000000001,0,"Low Traffic,Low UL_INTERFERENCE_AVG_PRB,Low MAX_USERS"
414,EIHI,4878,12,-120,6.38,0,"Low Traffic,Low UL_INTERFERENCE_AVG_PRB,Low MAX_USERS"
415,BGHF,1675,12,-119,38.344,0,"Low Traffic,Low UL_INTERFERENCE_AVG_PRB,Low MAX_USERS"
416,DADI,3038,9,-119,10.183,0,"Low Traffic,Low UL_INTERFERENCE_AVG_PRB,Low MAX_USERS"
417,GHCF,9725,47,-115,91.755,0,"Low Traffic,Low UL_INTERFERENCE_AVG_PRB,Low MAX_USERS"
418,CGHE,2674,27,-116,17.405,0,"Low Traffic,Low UL_INTERFERENCE_AVG_PRB,Low MAX_USERS"
419,GGIC,9682,47,-116,276.387,0,"Low Traffic,Low UL_INTERFERENCE_AVG_PRB,Low MAX_USERS"
420,GAGF,6065,14,-120,16.781000000000002,0,"Low Traffic,Low UL_INTERFERENCE_AVG_PRB,Low MAX_USERS"
421,DGGI,3998,10,-119,66.399,0,"Low Traffic,Low UL_INTERFERENCE_AVG_PRB,Low MAX_USERS"
422,BCIB,1281,10,-120,10.347000000000001,0,"Low Traffic,Low UL_INTERFERENCE_AVG_PRB,Low MAX_USERS"
423,DHEB,3741,43,-115,225.157,0,"Low Traffic,Low UL_INTERFERENCE_AVG_PRB,Low MAX_USERS"
424,ICDF,8235,23,-116,12.616,0,"Low Traffic,Low UL_INTERFERENCE_AVG_PRB,Low MAX_USERS"
425,FHAF,5705,43,-116,363.80699999999996,0,"Low Traffic,Low UL_INTERFERENCE_AVG_PRB,Low MAX_USERS"
426,GEDI,6438,9,-120,8.625,0,"Low Traffic,Low UL_INTERFERENCE_AVG_PRB,Low MAX_USERS"
427,CAEC,2042,9,-119,38.04900000000001,0,"Low Traffic,Low UL_INTERFERENCE_AVG_PRB,Low MAX_USERS"
428,DEHG,3479,8,-120,1.1600000000000001,0,"Low Traffic,Low UL_INTERFERENCE_AVG_PRB,Low MAX_USERS"
429,DCIG,3289,40,-116,27.842,0,"Low Traffic,Low UL_INTERFERENCE_AVG_PRB,Low MAX_USERS"
430,HIGF,7865,22,-116,4.407,0,"Low Traffic,Low UL_INTERFERENCE_AVG_PRB,Low MAX_USERS"
431,BDHI,1378,49,-117,327.27,0,"Low Traffic,Low UL_INTERFERENCE_AVG_PRB,Low MAX_USERS"
432,DGBE,3614,9,-119,9.441,0,"Low Traffic,Low UL_INTERFERENCE_AVG_PRB,Low MAX_USERS"
433,BHCD,1723,12,-120,53.518,0,"Low Traffic,Low UL_INTERFERENCE_AVG_PRB,Low MAX_USERS"
434,GIBC,6812,9,-119,4.744,0,"Low Traffic,Low UL_INTERFERENCE_AVG_PRB,Low MAX_USERS"
435,GHAG,6706,40,-116,16.37,0,"Low Traffic,Low UL_INTERFERENCE_AVG_PRB,Low MAX_USERS"
436,IGGC,8662,27,-116,28.361,0,"Low Traffic,Low UL_INTERFERENCE_AVG_PRB,Low MAX_USERS"
437,FABH,5017,38,-117,296.885,0,"Low Traffic,Low UL_INTERFERENCE_AVG_PRB,Low MAX_USERS"
438,EGBA,4910,10,-120,9.323,0,"Low Traffic,Low UL_INTERFERENCE_AVG_PRB,Low MAX_USERS"
439,GIFE,6854,13,-120,105.727,0,"Low Traffic,Low UL_INTERFERENCE_AVG_PRB,Low MAX_USERS"
440,FFGH,5597,11,-120,20.729999999999997,0,"Low Traffic,Low UL_INTERFERENCE_AVG_PRB,Low MAX_USERS"
441,GGIA,6980,47,-116,19.595,0,"Low Traffic,Low UL_INTERFERENCE_AVG_PRB,Low MAX_USERS"
442,HEHD,7473,27,-117,20.68,0,"Low Traffic,Low UL_INTERFERENCE_AVG_PRB,Low MAX_USERS"
443,HEGF,7465,40,-117,278.39000000000004,0,"Low Traffic,Low UL_INTERFERENCE_AVG_PRB,Low MAX_USERS"
444,GBGB,6161,9,-119,4.394,0,"Low Traffic,Low UL_INTERFERENCE_AVG_PRB,Low MAX_USERS"
445,HAED,7043,14,-119,41.09,0,"Low Traffic,Low UL_INTERFERENCE_AVG_PRB,Low MAX_USERS"
446,DBHG,3179,9,-120,5.425,0,"Low Traffic,Low UL_INTERFERENCE_AVG_PRB,Low MAX_USERS"
447,GGII,9988,80,-116,34.513,0,"Low Traffic,Low UL_INTERFERENCE_AVG_PRB,Low MAX_USERS"
448,GBEH,6147,45,-116,10.798,0,"Low Traffic,Low UL_INTERFERENCE_AVG_PRB,Low MAX_USERS"
449,DHEC,3742,42,-117,225.209,0,"Low Traffic,Low UL_INTERFERENCE_AVG_PRB,Low MAX_USERS"
450,GBIC,9182,9,-120,4.399,0,"Low Traffic,Low UL_INTERFERENCE_AVG_PRB,Low MAX_USERS"
451,IDGB,8391,14,-120,57.976000000000006,0,"Low Traffic,Low UL_INTERFERENCE_AVG_PRB,Low MAX_USERS"
452,BGCG,1929,8,-120,8.518,0,"Low Traffic,Low UL_INTERFERENCE_AVG_PRB,Low MAX_USERS"
453,GGAH,6607,52,-115,61.083,0,"Low Traffic,Low UL_INTERFERENCE_AVG_PRB,Low MAX_USERS"
454,IBFF,8155,29,-116,20.319,0,"Low Traffic,Low UL_INTERFERENCE_AVG_PRB,Low MAX_USERS"
455,DBEF,3145,38,-117,206.671,0,"Low Traffic,Low UL_INTERFERENCE_AVG_PRB,Low MAX_USERS"
456,EDAD,4303,9,-120,3.4010000000000002,0,"Low Traffic,Low UL_INTERFERENCE_AVG_PRB,Low MAX_USERS"
457,BHHA,1770,14,-119,7.318,0,"Low Traffic,Low UL_INTERFERENCE_AVG_PRB,Low MAX_USERS"
458,IDCB,8321,8,-120,2.519,0,"Low Traffic,Low UL_INTERFERENCE_AVG_PRB,Low MAX_USERS"
459,CADB,2031,65,-115,23.991,0,"Low Traffic,Low UL_INTERFERENCE_AVG_PRB,Low MAX_USERS"
460,FFAE,5504,32,-116,21.148,0,"Low Traffic,Low UL_INTERFERENCE_AVG_PRB,Low MAX_USERS"
461,FGEG,5646,43,-116,199.24,0,"Low Traffic,Low UL_INTERFERENCE_AVG_PRB,Low MAX_USERS"
462,GGGD,6963,8,-120,1.333,0,"Low Traffic,Low UL_INTERFERENCE_AVG_PRB,Low MAX_USERS"
463,IBIF,8185,13,-120,9.001000000000001,0,"Low Traffic,Low UL_INTERFERENCE_AVG_PRB,Low MAX_USERS"
464,GBDG,6139,9,-120,2.504,0,"Low Traffic,Low UL_INTERFERENCE_AVG_PRB,Low MAX_USERS"
465,BHBC,1712,44,-116,28.082,0,"Low Traffic,Low UL_INTERFERENCE_AVG_PRB,Low MAX_USERS"
466,GCFE,9254,42,-116,9.238,0,"Low Traffic,Low UL_INTERFERENCE_AVG_PRB,Low MAX_USERS"
467,GGHC,6672,40,-117,172.4,0,"Low Traffic,Low UL_INTERFERENCE_AVG_PRB,Low MAX_USERS"
468,IIHG,8876,7,-119,0.9099999999999999,0,"Low Traffic,Low UL_INTERFERENCE_AVG_PRB,Low MAX_USERS"
469,FFAI,5508,14,-120,1.4969999999999999,0,"Low Traffic,Low UL_INTERFERENCE_AVG_PRB,Low MAX_USERS"
470,DEGE,3464,8,-120,1.468,0,"Low Traffic,Low UL_INTERFERENCE_AVG_PRB,Low MAX_USERS"
471,FGBG,5916,45,-116,52.18700000000001,0,"Low Traffic,Low UL_INTERFERENCE_AVG_PRB,Low MAX_USERS"
472,DIFF,3855,22,-117,49.681000000000004,0,"Low Traffic,Low UL_INTERFERENCE_AVG_PRB,Low MAX_USERS"
473,DIAD,3803,38,-117,115.89,0,"Low Traffic,Low UL_INTERFERENCE_AVG_PRB,Low MAX_USERS"
474,FIGC,5892,7,-120,1.093,0,"Low Traffic,Low UL_INTERFERENCE_AVG_PRB,Low MAX_USERS"
475,DHAI,3708,11,-119,8.109,0,"Low Traffic,Low UL_INTERFERENCE_AVG_PRB,Low MAX_USERS"
476,EDGH,4367,8,-120,1.69,0,"Low Traffic,Low UL_INTERFERENCE_AVG_PRB,Low MAX_USERS"
477,GGBI,6918,37,-116,51.828,0,"Low Traffic,Low UL_INTERFERENCE_AVG_PRB,Low MAX_USERS"
478,HGFA,7650,30,-117,56.241000000000014,0,"Low Traffic,Low UL_INTERFERENCE_AVG_PRB,Low MAX_USERS"
479,GEGG,6499,36,-117,151.98,0,"Low Traffic,Low UL_INTERFERENCE_AVG_PRB,Low MAX_USERS"
480,GAHG,6079,7,-119,0.395,0,"Low Traffic,Low UL_INTERFERENCE_AVG_PRB,Low MAX_USERS"
481,BCFD,1253,13,-120,4.737,0,"Low Traffic,Low UL_INTERFERENCE_AVG_PRB,Low MAX_USERS"
482,GGEG,9949,9,-120,1.357,0,"Low Traffic,Low UL_INTERFERENCE_AVG_PRB,Low MAX_USERS"
483,GGGB,6691,113,-116,38.51499999999999,0,"Low Traffic,Low UL_INTERFERENCE_AVG_PRB,Low MAX_USERS"
484,BCAB,1201,66,-116,22.281,0,"Low Traffic,Low UL_INTERFERENCE_AVG_PRB,Low MAX_USERS"
485,EAIB,4081,37,-117,125.20899999999999,0,"Low Traffic,Low UL_INTERFERENCE_AVG_PRB,Low MAX_USERS"
486,HAID,7083,8,-120,5.059,0,"Low Traffic,Low UL_INTERFERENCE_AVG_PRB,Low MAX_USERS"
487,BEHA,1470,13,-120,7.797999999999999,0,"Low Traffic,Low UL_INTERFERENCE_AVG_PRB,Low MAX_USERS"
488,BAFD,1053,11,-120,2.687,0,"Low Traffic,Low UL_INTERFERENCE_AVG_PRB,Low MAX_USERS"
489,IBIA,8180,70,-116,115.062,0,"Low Traffic,Low UL_INTERFERENCE_AVG_PRB,Low MAX_USERS"
490,GFGB,6561,46,-116,8.39,0,"Low Traffic,Low UL_INTERFERENCE_AVG_PRB,Low MAX_USERS"
491,HGCG,7929,40,-117,138.792,0,"Low Traffic,Low UL_INTERFERENCE_AVG_PRB,Low MAX_USERS"
492,EFGF,4565,10,-120,3.355,0,"Low Traffic,Low UL_INTERFERENCE_AVG_PRB,Low MAX_USERS"
493,CGDF,2635,15,-120,1.334,0,"Low Traffic,Low UL_INTERFERENCE_AVG_PRB,Low MAX_USERS"
494,GGEG,6949,10,-120,16.722,0,"Low Traffic,Low UL_INTERFERENCE_AVG_PRB,Low MAX_USERS"
495,ICCA,8220,111,-116,149.578,0,"Low Traffic,Low UL_INTERFERENCE_AVG_PRB,Low MAX_USERS"
496,IGBD,8613,68,-117,10.909,0,"Low Traffic,Low UL_INTERFERENCE_AVG_PRB,Low MAX_USERS"
497,CCAC,2202,39,-117,121.157,0,"Low Traffic,Low UL_INTERFERENCE_AVG_PRB,Low MAX_USERS"
498,CADD,2033,11,-120,11.405,0,"Low Traffic,Low UL_INTERFERENCE_AVG_PRB,Low MAX_USERS"
499,EGBA,4610,11,-120,1.043,0,"Low Traffic,Low UL_INTERFERENCE_AVG_PRB,Low MAX_USERS"
500,DAFH,3057,9,-120,1.652,0,"Low Traffic,Low UL_INTERFERENCE_AVG_PRB,Low MAX_USERS"
501,CEHF,2475,38,-116,296.094,0,"Low Traffic,Low UL_INTERFERENCE_AVG_PRB,Low MAX_USERS"
502,HHGH,7797,19,-117,20.874,0,"Low Traffic,Low UL_INTERFERENCE_AVG_PRB,Low MAX_USERS"
503,GADH,6037,33,-117,86.075,0,"Low Traffic,Low UL_INTERFERENCE_AVG_PRB,Low MAX_USERS"
504,GGEC,9642,11,-120,19.021,0,"Low Traffic,Low UL_INTERFERENCE_AVG_PRB,Low MAX_USERS"
505,IHFI,8758,13,-120,1.6600000000000001,0,"Low Traffic,Low UL_INTERFERENCE_AVG_PRB,Low MAX_USERS"
506,HGEG,7949,9,-120,1.702,0,"Low Traffic,Low UL_INTERFERENCE_AVG_PRB,Low MAX_USERS"
507,BFCG,1526,179,-116,126.949,1,"High Traffic,High UL_INTERFERENCE_AVG_PRB,High MAX_USERS"
508,HAFG,7056,82,-116,104.728,0,"Low Traffic,Low UL_INTERFERENCE_AVG_PRB,Low MAX_USERS"
509,CEFB,2451,41,-117,128.448,0,"Low Traffic,Low UL_INTERFERENCE_AVG_PRB,Low MAX_USERS"
510,IGGC,8692,10,-119,6.849,0,"Low Traffic,Low UL_INTERFERENCE_AVG_PRB,Low MAX_USERS"
511,FEAB,5401,12,-120,4.595,0,"Low Traffic,Low UL_INTERFERENCE_AVG_PRB,Low MAX_USERS"
512,DDFI,3358,11,-120,3.8049999999999997,0,"Low Traffic,Low UL_INTERFERENCE_AVG_PRB,Low MAX_USERS"
513,BAFB,1051,43,-116,271.36899999999997,0,"Low Traffic,Low UL_INTERFERENCE_AVG_PRB,Low MAX_USERS"
514,FEIA,5480,24,-116,175.16,0,"Low Traffic,Low UL_INTERFERENCE_AVG_PRB,Low MAX_USERS"
515,GAIH,9087,42,-117,186.46599999999998,0,"Low Traffic,Low UL_INTERFERENCE_AVG_PRB,Low MAX_USERS"
516,FHGA,5760,9,-120,1.361,0,"Low Traffic,Low UL_INTERFERENCE_AVG_PRB,Low MAX_USERS"
517,BFDD,1533,16,-119,23.549999999999997,0,"Low Traffic,Low UL_INTERFERENCE_AVG_PRB,Low MAX_USERS"
518,DEID,3483,12,-120,9.43,0,"Low Traffic,Low UL_INTERFERENCE_AVG_PRB,Low MAX_USERS"
519,BEBH,1417,84,-116,458.56600000000003,2,"High Traffic,High UL_INTERFERENCE_AVG_PRB,Median MAX_USERS"
520,GGCE,6924,47,-116,114.057,0,"Low Traffic,Low UL_INTERFERENCE_AVG_PRB,Low MAX_USERS"
521,FHGF,5765,46,-117,151.07299999999998,0,"Low Traffic,Low UL_INTERFERENCE_AVG_PRB,Low MAX_USERS"
522,GIFG,9856,11,-120,2.809,0,"Low Traffic,Low UL_INTERFERENCE_AVG_PRB,Low MAX_USERS"
523,DGCG,3926,16,-119,57.276,0,"Low Traffic,Low UL_INTERFERENCE_AVG_PRB,Low MAX_USERS"
524,HDDC,7332,11,-119,38.858000000000004,0,"Low Traffic,Low UL_INTERFERENCE_AVG_PRB,Low MAX_USERS"
525,IAEB,8041,59,-116,563.299,2,"High Traffic,High UL_INTERFERENCE_AVG_PRB,Median MAX_USERS"
526,HCDG,7236,26,-115,62.22800000000001,0,"Low Traffic,Low UL_INTERFERENCE_AVG_PRB,Low MAX_USERS"
527,BDDB,1331,43,-117,163.607,0,"Low Traffic,Low UL_INTERFERENCE_AVG_PRB,Low MAX_USERS"
528,IHBI,8718,11,-119,13.508000000000001,0,"Low Traffic,Low UL_INTERFERENCE_AVG_PRB,Low MAX_USERS"
529,HIAE,7804,16,-119,59.32299999999999,0,"Low Traffic,Low UL_INTERFERENCE_AVG_PRB,Low MAX_USERS"
530,HBCG,7126,15,-119,52.937,0,"Low Traffic,Low UL_INTERFERENCE_AVG_PRB,Low MAX_USERS"
531,HHGG,7769,64,-115,462.7300000000001,2,"High Traffic,High UL_INTERFERENCE_AVG_PRB,Median MAX_USERS"
532,FHHB,5771,53,-114,379.288,2,"High Traffic,High UL_INTERFERENCE_AVG_PRB,Median MAX_USERS"
533,BAFH,1057,47,-116,215.45,0,"Low Traffic,Low UL_INTERFERENCE_AVG_PRB,Low MAX_USERS"
534,BCBF,1215,11,-119,17.575000000000003,0,"Low Traffic,Low UL_INTERFERENCE_AVG_PRB,Low MAX_USERS"
535,FIFH,5857,15,-119,106.51,0,"Low Traffic,Low UL_INTERFERENCE_AVG_PRB,Low MAX_USERS"
536,IIFA,8850,13,-120,264.77799999999996,0,"Low Traffic,Low UL_INTERFERENCE_AVG_PRB,Low MAX_USERS"
537,CIGG,2896,153,-115,416.01800000000003,2,"High Traffic,High UL_INTERFERENCE_AVG_PRB,Median MAX_USERS"
538,EAHH,4077,78,-115,134.988,0,"Low Traffic,Low UL_INTERFERENCE_AVG_PRB,Low MAX_USERS"
539,FAED,5043,56,-116,351.73,0,"Low Traffic,Low UL_INTERFERENCE_AVG_PRB,Low MAX_USERS"
540,EFHD,4573,13,-119,20.011,0,"Low Traffic,Low UL_INTERFERENCE_AVG_PRB,Low MAX_USERS"
541,IGIA,8980,19,-119,49.026999999999994,0,"Low Traffic,Low UL_INTERFERENCE_AVG_PRB,Low MAX_USERS"
542,GEIC,9482,13,-119,82.746,0,"Low Traffic,Low UL_INTERFERENCE_AVG_PRB,Low MAX_USERS"
543,GGBG,6619,79,-114,879.986,2,"High Traffic,High UL_INTERFERENCE_AVG_PRB,Median MAX_USERS"
544,CGGB,2661,43,-114,247.931,0,"Low Traffic,Low UL_INTERFERENCE_AVG_PRB,Low MAX_USERS"
545,GHGF,6765,63,-115,355.421,2,"High Traffic,High UL_INTERFERENCE_AVG_PRB,Median MAX_USERS"
546,EDIG,4386,13,-119,44.261,0,"Low Traffic,Low UL_INTERFERENCE_AVG_PRB,Low MAX_USERS"
547,FGDA,5930,18,-119,70.143,0,"Low Traffic,Low UL_INTERFERENCE_AVG_PRB,Low MAX_USERS"
548,GBCF,9125,16,-119,54.609,0,"Low Traffic,Low UL_INTERFERENCE_AVG_PRB,Low MAX_USERS"
549,IAIB,8081,94,-114,682.8260000000001,2,"High Traffic,High UL_INTERFERENCE_AVG_PRB,Median MAX_USERS"
550,GDHA,9370,49,-113,289.598,2,"High Traffic,High UL_INTERFERENCE_AVG_PRB,Median MAX_USERS"
551,DBAC,3102,60,-114,435.502,2,"High Traffic,High UL_INTERFERENCE_AVG_PRB,Median MAX_USERS"
552,IEHE,8474,18,-120,76.08000000000001,0,"Low Traffic,Low UL_INTERFERENCE_AVG_PRB,Low MAX_USERS"
553,CFHE,2574,21,-119,79.684,0,"Low Traffic,Low UL_INTERFERENCE_AVG_PRB,Low MAX_USERS"
554,DHBG,3716,17,-119,35.957,0,"Low Traffic,Low UL_INTERFERENCE_AVG_PRB,Low MAX_USERS"
555,HEED,7443,108,-114,794.5830000000002,2,"High Traffic,High UL_INTERFERENCE_AVG_PRB,Median MAX_USERS"
556,BFEF,1545,60,-112,324.631,2,"High Traffic,High UL_INTERFERENCE_AVG_PRB,Median MAX_USERS"
557,GIHI,9878,70,-114,692.319,2,"High Traffic,High UL_INTERFERENCE_AVG_PRB,Median MAX_USERS"
558,DACH,3027,16,-119,89.00999999999999,0,"Low Traffic,Low UL_INTERFERENCE_AVG_PRB,Low MAX_USERS"
559,GIHH,6877,26,-119,149.77300000000005,0,"Low Traffic,Low UL_INTERFERENCE_AVG_PRB,Low MAX_USERS"
560,CIGD,2893,20,-119,37.906,0,"Low Traffic,Low UL_INTERFERENCE_AVG_PRB,Low MAX_USERS"
561,DABA,3010,112,-113,734.1690000000001,2,"High Traffic,High UL_INTERFERENCE_AVG_PRB,Median MAX_USERS"
562,FGBF,5615,61,-114,255.264,2,"High Traffic,High UL_INTERFERENCE_AVG_PRB,Median MAX_USERS"
563,HBAI,7108,62,-113,503.919,2,"High Traffic,High UL_INTERFERENCE_AVG_PRB,Median MAX_USERS"
564,EHDG,4736,15,-119,23.312,0,"Low Traffic,Low UL_INTERFERENCE_AVG_PRB,Low MAX_USERS"
565,GCIE,6284,22,-119,207.941,0,"Low Traffic,Low UL_INTERFERENCE_AVG_PRB,Low MAX_USERS"
566,BGHH,1977,22,-119,206.302,0,"Low Traffic,Low UL_INTERFERENCE_AVG_PRB,Low MAX_USERS"
567,GHEH,6747,146,-112,877.434,2,"High Traffic,High UL_INTERFERENCE_AVG_PRB,Median MAX_USERS"
568,GAGH,9097,126,-113,219.12900000000002,2,"High Traffic,High UL_INTERFERENCE_AVG_PRB,Median MAX_USERS"
569,GGCF,9925,57,-113,522.0690000000001,2,"High Traffic,High UL_INTERFERENCE_AVG_PRB,Median MAX_USERS"
570,HIFC,7852,16,-119,109.60199999999999,0,"Low Traffic,Low UL_INTERFERENCE_AVG_PRB,Low MAX_USERS"
571,DHCG,3726,18,-119,76.737,0,"Low Traffic,Low UL_INTERFERENCE_AVG_PRB,Low MAX_USERS"
572,HGCC,7922,24,-120,195.599,0,"Low Traffic,Low UL_INTERFERENCE_AVG_PRB,Low MAX_USERS"
573,BEGG,1496,159,-113,890.966,1,"High Traffic,High UL_INTERFERENCE_AVG_PRB,High MAX_USERS"
574,HGFF,7955,83,-113,328.148,2,"High Traffic,High UL_INTERFERENCE_AVG_PRB,Median MAX_USERS"
575,CAFF,2055,64,-113,501.39,2,"High Traffic,High UL_INTERFERENCE_AVG_PRB,Median MAX_USERS"
576,GAEF,9045,19,-119,134.633,0,"Low Traffic,Low UL_INTERFERENCE_AVG_PRB,Low MAX_USERS"
577,EBEG,4149,21,-119,110.65,0,"Low Traffic,Low UL_INTERFERENCE_AVG_PRB,Low MAX_USERS"
578,DGGE,3994,24,-119,86.71400000000003,0,"Low Traffic,Low UL_INTERFERENCE_AVG_PRB,Low MAX_USERS"
579,DCCB,3221,150,-113,782.9970000000001,2,"High Traffic,High UL_INTERFERENCE_AVG_PRB,Median MAX_USERS"
580,FAGG,5099,92,-113,438.306,2,"High Traffic,High UL_INTERFERENCE_AVG_PRB,Median MAX_USERS"
581,ICIB,8281,68,-112,534.123,2,"High Traffic,High UL_INTERFERENCE_AVG_PRB,Median MAX_USERS"
582,CGFB,2651,21,-119,109.56099999999999,0,"Low Traffic,Low UL_INTERFERENCE_AVG_PRB,Low MAX_USERS"
583,IDIE,8384,29,-119,300.898,0,"Low Traffic,Low UL_INTERFERENCE_AVG_PRB,Low MAX_USERS"
584,DFID,3583,24,-119,132.274,0,"Low Traffic,Low UL_INTERFERENCE_AVG_PRB,Low MAX_USERS"
585,HFCB,7521,83,-112,900.076,2,"High Traffic,High UL_INTERFERENCE_AVG_PRB,Median MAX_USERS"
586,CCCD,2223,50,-113,264.346,2,"High Traffic,High UL_INTERFERENCE_AVG_PRB,Median MAX_USERS"
587,GBGG,9169,74,-112,577.2819999999999,2,"High Traffic,High UL_INTERFERENCE_AVG_PRB,Median MAX_USERS"
588,GBEC,6142,18,-119,190.716,0,"Low Traffic,Low UL_INTERFERENCE_AVG_PRB,Low MAX_USERS"
589,HFDD,7533,31,-119,178.83999999999995,0,"Low Traffic,Low UL_INTERFERENCE_AVG_PRB,Low MAX_USERS"
590,FGBB,5611,27,-119,271.29900000000004,0,"Low Traffic,Low UL_INTERFERENCE_AVG_PRB,Low MAX_USERS"
591,HCBC,7212,134,-113,1063.952,2,"High Traffic,High UL_INTERFERENCE_AVG_PRB,Median MAX_USERS"
592,CAFC,2052,128,-113,427.593,2,"High Traffic,High UL_INTERFERENCE_AVG_PRB,Median MAX_USERS"
593,GGHF,6675,74,-113,906.6329999999998,2,"High Traffic,High UL_INTERFERENCE_AVG_PRB,Median MAX_USERS"
594,IGII,8988,16,-119,160.25799999999998,0,"Low Traffic,Low UL_INTERFERENCE_AVG_PRB,Low MAX_USERS"
595,EAGG,4069,25,-119,214.72299999999998,0,"Low Traffic,Low UL_INTERFERENCE_AVG_PRB,Low MAX_USERS"
596,IFFB,8551,26,-119,146.259,0,"Low Traffic,Low UL_INTERFERENCE_AVG_PRB,Low MAX_USERS"
597,GFAG,6506,92,-111,897.726,2,"High Traffic,High UL_INTERFERENCE_AVG_PRB,Median MAX_USERS"
598,IEGE,8494,51,-113,433.485,2,"High Traffic,High UL_INTERFERENCE_AVG_PRB,Median MAX_USERS"
599,GAEA,9040,66,-113,670.192,2,"High Traffic,High UL_INTERFERENCE_AVG_PRB,Median MAX_USERS"
600,GIEH,9847,18,-119,234.14000000000001,0,"Low Traffic,Low UL_INTERFERENCE_AVG_PRB,Low MAX_USERS"
601,FGCC,5922,30,-119,242.91500000000002,0,"Low Traffic,Low UL_INTERFERENCE_AVG_PRB,Low MAX_USERS"
602,EFFE,4554,28,-119,123.833,0,"Low Traffic,Low UL_INTERFERENCE_AVG_PRB,Low MAX_USERS"
603,FDGB,5391,147,-111,668.2280000000001,2,"High Traffic,High UL_INTERFERENCE_AVG_PRB,Median MAX_USERS"
604,DCBF,3215,166,-113,433.567,1,"High Traffic,High UL_INTERFERENCE_AVG_PRB,High MAX_USERS"
605,ICGI,8268,64,-113,646.6599999999999,2,"High Traffic,High UL_INTERFERENCE_AVG_PRB,Median MAX_USERS"
606,CGAD,2603,20,-119,109.172,0,"Low Traffic,Low UL_INTERFERENCE_AVG_PRB,Low MAX_USERS"
607,CGGE,2994,28,-119,270.217,0,"Low Traffic,Low UL_INTERFERENCE_AVG_PRB,Low MAX_USERS"
608,GFGC,9592,22,-119,78.461,0,"Low Traffic,Low UL_INTERFERENCE_AVG_PRB,Low MAX_USERS"
609,EIBC,4812,207,-112,883.2359999999999,1,"High Traffic,High UL_INTERFERENCE_AVG_PRB,High MAX_USERS"
610,GFCD,6523,117,-113,443.283,2,"High Traffic,High UL_INTERFERENCE_AVG_PRB,Median MAX_USERS"
611,FBCE,5124,76,-112,497.11500000000007,2,"High Traffic,High UL_INTERFERENCE_AVG_PRB,Median MAX_USERS"
612,BACD,1023,20,-119,151.803,0,"Low Traffic,Low UL_INTERFERENCE_AVG_PRB,Low MAX_USERS"
613,GIGF,6865,38,-119,254.513,0,"Low Traffic,Low UL_INTERFERENCE_AVG_PRB,Low MAX_USERS"
614,GIEC,6842,40,-119,129.327,0,"Low Traffic,Low UL_INTERFERENCE_AVG_PRB,Low MAX_USERS"
615,CFDB,2531,168,-113,855.8679999999999,1,"High Traffic,High UL_INTERFERENCE_AVG_PRB,High MAX_USERS"
616,EDGC,4392,182,-113,265.827,1,"High Traffic,High UL_INTERFERENCE_AVG_PRB,High MAX_USERS"
617,GGGG,9669,74,-112,508.515,2,"High Traffic,High UL_INTERFERENCE_AVG_PRB,Median MAX_USERS"
618,CBBG,2116,19,-119,318.718,0,"Low Traffic,Low UL_INTERFERENCE_AVG_PRB,Low MAX_USERS"
619,FEFG,5456,29,-118,191.903,0,"Low Traffic,Low UL_INTERFERENCE_AVG_PRB,Low MAX_USERS"
620,BIAE,1804,30,-119,185.31900000000005,0,"Low Traffic,Low UL_INTERFERENCE_AVG_PRB,Low MAX_USERS"
621,EHEG,4746,97,-113,993.108,2,"High Traffic,High UL_INTERFERENCE_AVG_PRB,Median MAX_USERS"
622,BEHF,1475,55,-113,365.194,2,"High Traffic,High UL_INTERFERENCE_AVG_PRB,Median MAX_USERS"
623,HBGG,7196,78,-113,918.491,2,"High Traffic,High UL_INTERFERENCE_AVG_PRB,Median MAX_USERS"
624,HIIB,7881,19,-119,129.643,0,"Low Traffic,Low UL_INTERFERENCE_AVG_PRB,Low MAX_USERS"
625,HIHD,7873,30,-119,183.28900000000002,0,"Low Traffic,Low UL_INTERFERENCE_AVG_PRB,Low MAX_USERS"
626,GEGG,9499,41,-119,240.665,0,"Low Traffic,Low UL_INTERFERENCE_AVG_PRB,Low MAX_USERS"
627,FHGG,5796,175,-112,972.561,1,"High Traffic,High UL_INTERFERENCE_AVG_PRB,High MAX_USERS"
628,CGEI,2648,180,-113,1156.691,1,"High Traffic,High UL_INTERFERENCE_AVG_PRB,High MAX_USERS"
629,IEGI,8498,68,-113,415.45399999999995,2,"High Traffic,High UL_INTERFERENCE_AVG_PRB,Median MAX_USERS"
630,CDBH,2317,16,-119,123.315,0,"Low Traffic,Low UL_INTERFERENCE_AVG_PRB,Low MAX_USERS"
631,FDGG,5369,32,-119,366.569,0,"Low Traffic,Low UL_INTERFERENCE_AVG_PRB,Low MAX_USERS"
632,IHEF,8745,42,-119,380.237,0,"Low Traffic,Low UL_INTERFERENCE_AVG_PRB,Low MAX_USERS"
633,GGGC,9692,238,-112,872.603,1,"High Traffic,High UL_INTERFERENCE_AVG_PRB,High MAX_USERS"
634,GFBF,6515,161,-113,726.739,1,"High Traffic,High UL_INTERFERENCE_AVG_PRB,High MAX_USERS"
635,GGCI,6928,76,-113,543.978,2,"High Traffic,High UL_INTERFERENCE_AVG_PRB,Median MAX_USERS"
636,EBCF,4125,14,-119,313.031,0,"Low Traffic,Low UL_INTERFERENCE_AVG_PRB,Low MAX_USERS"
637,CEAH,2407,36,-119,338.55500000000006,0,"Low Traffic,Low UL_INTERFERENCE_AVG_PRB,Low MAX_USERS"
638,GHAB,6701,33,-119,372.92499999999995,0,"Low Traffic,Low UL_INTERFERENCE_AVG_PRB,Low MAX_USERS"
639,DHIC,3782,149,-112,648.456,2,"High Traffic,High UL_INTERFERENCE_AVG_PRB,Median MAX_USERS"
640,BCFF,1255,116,-112,821.475,2,"High Traffic,High UL_INTERFERENCE_AVG_PRB,Median MAX_USERS"
641,GDHG,6376,69,-112,947.897,2,"High Traffic,High UL_INTERFERENCE_AVG_PRB,Median MAX_USERS"
642,CDGG,2399,16,-119,107.561,0,"Low Traffic,Low UL_INTERFERENCE_AVG_PRB,Low MAX_USERS"
643,IBHD,8173,37,-118,1406.958,2,"High Traffic,High UL_INTERFERENCE_AVG_PRB,Median MAX_USERS"
644,BFFH,1557,34,-118,334.749,0,"Low Traffic,Low UL_INTERFERENCE_AVG_PRB,Low MAX_USERS"
645,HDEH,7347,217,-112,658.722,1,"High Traffic,High UL_INTERFERENCE_AVG_PRB,High MAX_USERS"
646,GHFA,6750,283,-112,439.72700000000003,1,"High Traffic,High UL_INTERFERENCE_AVG_PRB,High MAX_USERS"
647,DIEA,3840,80,-112,450.12600000000003,2,"High Traffic,High UL_INTERFERENCE_AVG_PRB,Median MAX_USERS"
648,FHBF,5715,13,-119,160.667,0,"Low Traffic,Low UL_INTERFERENCE_AVG_PRB,Low MAX_USERS"
649,BGEH,1647,41,-119,742.753,0,"Low Traffic,Low UL_INTERFERENCE_AVG_PRB,Low MAX_USERS"
650,IAGB,8061,32,-119,106.31,0,"Low Traffic,Low UL_INTERFERENCE_AVG_PRB,Low MAX_USERS"
651,EHDF,4735,254,-111,704.203,1,"High Traffic,High UL_INTERFERENCE_AVG_PRB,High MAX_USERS"
652,DGFD,3653,262,-112,574.3640000000001,1,"High Traffic,High UL_INTERFERENCE_AVG_PRB,High MAX_USERS"
653,BBFF,1155,85,-113,420.18800000000005,2,"High Traffic,High UL_INTERFERENCE_AVG_PRB,Median MAX_USERS"
654,DEGA,3490,18,-119,128.654,0,"Low Traffic,Low UL_INTERFERENCE_AVG_PRB,Low MAX_USERS"
655,GIGB,6861,36,-119,1849.6970000000001,2,"High Traffic,High UL_INTERFERENCE_AVG_PRB,Median MAX_USERS"
656,EGDF,4935,38,-119,310.53099999999995,0,"Low Traffic,Low UL_INTERFERENCE_AVG_PRB,Low MAX_USERS"
657,DEDA,3430,192,-111,785.054,1,"High Traffic,High UL_INTERFERENCE_AVG_PRB,High MAX_USERS"
658,FCBH,5217,127,-112,341.8370000000001,2,"High Traffic,High UL_INTERFERENCE_AVG_PRB,Median MAX_USERS"
659,GAIB,6081,78,-112,486.556,2,"High Traffic,High UL_INTERFERENCE_AVG_PRB,Median MAX_USERS"
660,CAHD,2073,17,-119,79.701,0,"Low Traffic,Low UL_INTERFERENCE_AVG_PRB,Low MAX_USERS"
661,CGFH,2957,31,-119,559.3260000000001,0,"Low Traffic,Low UL_INTERFERENCE_AVG_PRB,Low MAX_USERS"
662,CGDG,2639,41,-119,286.339,0,"Low Traffic,Low UL_INTERFERENCE_AVG_PRB,Low MAX_USERS"
663,FBEC,5142,111,-111,695.4960000000002,2,"High Traffic,High UL_INTERFERENCE_AVG_PRB,Median MAX_USERS"
664,FIHG,5876,76,-112,336.273,2,"High Traffic,High UL_INTERFERENCE_AVG_PRB,Median MAX_USERS"
665,GCGE,6294,84,-113,732.236,2,"High Traffic,High UL_INTERFERENCE_AVG_PRB,Median MAX_USERS"
666,BFDF,1535,18,-119,112.342,0,"Low Traffic,Low UL_INTERFERENCE_AVG_PRB,Low MAX_USERS"
667,IGHD,8673,26,-119,148.579,0,"Low Traffic,Low UL_INTERFERENCE_AVG_PRB,Low MAX_USERS"
668,IDGH,8397,41,-119,352.553,0,"Low Traffic,Low UL_INTERFERENCE_AVG_PRB,Low MAX_USERS"
669,DCGH,3267,241,-111,893.2549999999998,1,"High Traffic,High UL_INTERFERENCE_AVG_PRB,High MAX_USERS"
670,GDIE,9384,263,-111,313.623,1,"High Traffic,High UL_INTERFERENCE_AVG_PRB,High MAX_USERS"
671,FIDF,5835,81,-113,776.764,2,"High Traffic,High UL_INTERFERENCE_AVG_PRB,Median MAX_USERS"
672,IACG,8026,20,-119,78.803,0,"Low Traffic,Low UL_INTERFERENCE_AVG_PRB,Low MAX_USERS"
673,FCGI,5298,30,-119,198.087,0,"Low Traffic,Low UL_INTERFERENCE_AVG_PRB,Low MAX_USERS"
674,GFGG,6599,43,-119,172.651,0,"Low Traffic,Low UL_INTERFERENCE_AVG_PRB,Low MAX_USERS"
675,BAII,1088,241,-111,789.785,1,"High Traffic,High UL_INTERFERENCE_AVG_PRB,High MAX_USERS"
676,GEDF,6435,199,-111,560.6479999999999,1,"High Traffic,High UL_INTERFERENCE_AVG_PRB,High MAX_USERS"
677,GHHI,6778,81,-113,864.449,2,"High Traffic,High UL_INTERFERENCE_AVG_PRB,Median MAX_USERS"
678,GFHG,6579,18,-119,63.053000000000004,0,"Low Traffic,Low UL_INTERFERENCE_AVG_PRB,Low MAX_USERS"
679,HIDF,7835,26,-119,253.565,0,"Low Traffic,Low UL_INTERFERENCE_AVG_PRB,Low MAX_USERS"
680,CAFB,2051,34,-119,411.841,0,"Low Traffic,Low UL_INTERFERENCE_AVG_PRB,Low MAX_USERS"
681,HDCI,7328,110,-111,682.108,2,"High Traffic,High UL_INTERFERENCE_AVG_PRB,Median MAX_USERS"
682,EABC,4012,107,-112,354.962,2,"High Traffic,High UL_INTERFERENCE_AVG_PRB,Median MAX_USERS"
683,CHFC,2752,80,-112,1268.944,2,"High Traffic,High UL_INTERFERENCE_AVG_PRB,Median MAX_USERS"
684,CAGA,2060,18,-119,246.97,0,"Low Traffic,Low UL_INTERFERENCE_AVG_PRB,Low MAX_USERS"
685,EGCC,4622,27,-119,81.70300000000003,0,"Low Traffic,Low UL_INTERFERENCE_AVG_PRB,Low MAX_USERS"
686,BFGB,1561,38,-119,386.452,0,"Low Traffic,Low UL_INTERFERENCE_AVG_PRB,Low MAX_USERS"
687,IFGD,8563,148,-112,667.881,2,"High Traffic,High UL_INTERFERENCE_AVG_PRB,Median MAX_USERS"
688,EFEG,4546,289,-112,476.61300000000006,1,"High Traffic,High UL_INTERFERENCE_AVG_PRB,High MAX_USERS"
689,HEBD,7413,78,-112,1033.791,2,"High Traffic,High UL_INTERFERENCE_AVG_PRB,Median MAX_USERS"
690,CDDI,2338,16,-119,98.77300000000001,0,"Low Traffic,Low UL_INTERFERENCE_AVG_PRB,Low MAX_USERS"
691,CHDA,2730,21,-119,82.89,0,"Low Traffic,Low UL_INTERFERENCE_AVG_PRB,Low MAX_USERS"
692,HDCD,7323,32,-119,178.32400000000004,0,"Low Traffic,Low UL_INTERFERENCE_AVG_PRB,Low MAX_USERS"
693,EEBF,4415,190,-112,584.425,1,"High Traffic,High UL_INTERFERENCE_AVG_PRB,High MAX_USERS"
694,HBCF,7125,201,-112,572.724,1,"High Traffic,High UL_INTERFERENCE_AVG_PRB,High MAX_USERS"
695,GBDF,6135,75,-112,841.8729999999999,2,"High Traffic,High UL_INTERFERENCE_AVG_PRB,Median MAX_USERS"
696,HBIB,7181,14,-119,176.01399999999995,0,"Low Traffic,Low UL_INTERFERENCE_AVG_PRB,Low MAX_USERS"
697,CGGE,2964,23,-119,181.832,0,"Low Traffic,Low UL_INTERFERENCE_AVG_PRB,Low MAX_USERS"
698,IIHG,8879,24,-119,135.654,0,"Low Traffic,Low UL_INTERFERENCE_AVG_PRB,Low MAX_USERS"
699,GCIH,9287,94,-112,615.644,2,"High Traffic,High UL_INTERFERENCE_AVG_PRB,Median MAX_USERS"
700,EDCE,4324,54,-113,455.964,2,"High Traffic,High UL_INTERFERENCE_AVG_PRB,Median MAX_USERS"
701,DBEE,3144,70,-112,599.768,2,"High Traffic,High UL_INTERFERENCE_AVG_PRB,Median MAX_USERS"
702,FADE,5034,13,-119,37.199999999999996,0,"Low Traffic,Low UL_INTERFERENCE_AVG_PRB,Low MAX_USERS"
703,GGDA,9630,21,-119,242.643,0,"Low Traffic,Low UL_INTERFERENCE_AVG_PRB,Low MAX_USERS"
704,GDGI,6368,28,-119,68.689,0,"Low Traffic,Low UL_INTERFERENCE_AVG_PRB,Low MAX_USERS"
705,BCGC,1292,98,-113,586.616,2,"High Traffic,High UL_INTERFERENCE_AVG_PRB,Median MAX_USERS"
706,GAGA,9060,61,-113,584.775,2,"High Traffic,High UL_INTERFERENCE_AVG_PRB,Median MAX_USERS"
707,HADF,7035,80,-112,588.96,2,"High Traffic,High UL_INTERFERENCE_AVG_PRB,Median MAX_USERS"
708,IGFC,8952,18,-119,145.51199999999997,0,"Low Traffic,Low UL_INTERFERENCE_AVG_PRB,Low MAX_USERS"
709,GHII,6788,24,-119,206.803,0,"Low Traffic,Low UL_INTERFERENCE_AVG_PRB,Low MAX_USERS"
710,DGAF,3605,29,-119,324.745,0,"Low Traffic,Low UL_INTERFERENCE_AVG_PRB,Low MAX_USERS"
711,DAGI,3068,90,-113,694.5540000000001,2,"High Traffic,High UL_INTERFERENCE_AVG_PRB,Median MAX_USERS"
712,BAFF,1055,58,-114,511.616,2,"High Traffic,High UL_INTERFERENCE_AVG_PRB,Median MAX_USERS"
713,CGDE,2634,79,-113,809.688,2,"High Traffic,High UL_INTERFERENCE_AVG_PRB,Median MAX_USERS"
714,CIAE,2804,18,-119,185.658,0,"Low Traffic,Low UL_INTERFERENCE_AVG_PRB,Low MAX_USERS"
715,IHGG,8799,32,-119,375.339,0,"Low Traffic,Low UL_INTERFERENCE_AVG_PRB,Low MAX_USERS"
716,FEGB,5491,28,-119,141.683,0,"Low Traffic,Low UL_INTERFERENCE_AVG_PRB,Low MAX_USERS"
717,EFHE,4574,380,-112,818.7049999999999,1,"High Traffic,High UL_INTERFERENCE_AVG_PRB,High MAX_USERS"
718,EGFH,4957,214,-113,352.163,1,"High Traffic,High UL_INTERFERENCE_AVG_PRB,High MAX_USERS"
719,BHBH,1717,84,-113,805.841,2,"High Traffic,High UL_INTERFERENCE_AVG_PRB,Median MAX_USERS"
720,GHAG,6709,17,-119,167.69199999999998,0,"Low Traffic,Low UL_INTERFERENCE_AVG_PRB,Low MAX_USERS"
721,HHGF,7795,26,-119,222.161,0,"Low Traffic,Low UL_INTERFERENCE_AVG_PRB,Low MAX_USERS"
722,DDIF,3385,30,-119,218.98400000000004,0,"Low Traffic,Low UL_INTERFERENCE_AVG_PRB,Low MAX_USERS"
723,EAEF,4045,100,-113,808.5140000000001,2,"High Traffic,High UL_INTERFERENCE_AVG_PRB,Median MAX_USERS"
724,CDHG,2379,65,-113,570.973,2,"High Traffic,High UL_INTERFERENCE_AVG_PRB,Median MAX_USERS"
725,HAGF,7095,78,-113,646.235,2,"High Traffic,High UL_INTERFERENCE_AVG_PRB,Median MAX_USERS"
726,GDCB,9321,16,-119,249.36599999999999,0,"Low Traffic,Low UL_INTERFERENCE_AVG_PRB,Low MAX_USERS"
727,GFCG,6529,22,-119,66.353,0,"Low Traffic,Low UL_INTERFERENCE_AVG_PRB,Low MAX_USERS"
728,CEGF,2495,31,-119,370.238,0,"Low Traffic,Low UL_INTERFERENCE_AVG_PRB,Low MAX_USERS"
729,HADI,7038,96,-112,641.1170000000001,2,"High Traffic,High UL_INTERFERENCE_AVG_PRB,Median MAX_USERS"
730,BGIE,1684,63,-113,1320.659,2,"High Traffic,High UL_INTERFERENCE_AVG_PRB,Median MAX_USERS"
731,CBFB,2151,72,-112,872.419,2,"High Traffic,High UL_INTERFERENCE_AVG_PRB,Median MAX_USERS"
732,GAED,6043,20,-119,91.72999999999998,0,"Low Traffic,Low UL_INTERFERENCE_AVG_PRB,Low MAX_USERS"
733,GGAG,9606,22,-119,59.407,0,"Low Traffic,Low UL_INTERFERENCE_AVG_PRB,Low MAX_USERS"
734,GHGG,6799,32,-119,97.94199999999998,0,"Low Traffic,Low UL_INTERFERENCE_AVG_PRB,Low MAX_USERS"
735,GHAC,6702,93,-112,679.6279999999999,2,"High Traffic,High UL_INTERFERENCE_AVG_PRB,Median MAX_USERS"
736,GBFH,9157,67,-113,471.242,2,"High Traffic,High UL_INTERFERENCE_AVG_PRB,Median MAX_USERS"
737,FFFE,5554,68,-112,588.7470000000001,2,"High Traffic,High UL_INTERFERENCE_AVG_PRB,Median MAX_USERS"
738,HBCC,7122,15,-119,65.52799999999999,0,"Low Traffic,Low UL_INTERFERENCE_AVG_PRB,Low MAX_USERS"
739,IGEC,8642,27,-119,142.396,0,"Low Traffic,Low UL_INTERFERENCE_AVG_PRB,Low MAX_USERS"
740,IFCI,8528,32,-119,150.255,0,"Low Traffic,Low UL_INTERFERENCE_AVG_PRB,Low MAX_USERS"
741,HBDG,7136,328,-113,595.6719999999998,1,"High Traffic,High UL_INTERFERENCE_AVG_PRB,High MAX_USERS"
742,IHCI,8728,189,-113,756.8169999999999,1,"High Traffic,High UL_INTERFERENCE_AVG_PRB,High MAX_USERS"
743,DADE,3034,70,-112,533.796,2,"High Traffic,High UL_INTERFERENCE_AVG_PRB,Median MAX_USERS"
744,GGGG,6996,15,-119,23.333000000000002,0,"Low Traffic,Low UL_INTERFERENCE_AVG_PRB,Low MAX_USERS"
745,DIED,3843,25,-119,121.094,0,"Low Traffic,Low UL_INTERFERENCE_AVG_PRB,Low MAX_USERS"
746,IHFG,8759,30,-119,90.118,0,"Low Traffic,Low UL_INTERFERENCE_AVG_PRB,Low MAX_USERS"
747,EGCI,4928,130,-112,535.785,2,"High Traffic,High UL_INTERFERENCE_AVG_PRB,Median MAX_USERS"
748,IEIG,8486,118,-113,664.1909999999998,2,"High Traffic,High UL_INTERFERENCE_AVG_PRB,Median MAX_USERS"
749,ECAG,4209,73,-112,624.067,2,"High Traffic,High UL_INTERFERENCE_AVG_PRB,Median MAX_USERS"
750,GIEG,9846,13,-119,28.726,0,"Low Traffic,Low UL_INTERFERENCE_AVG_PRB,Low MAX_USERS"
751,HGIA,7980,22,-119,133.308,0,"Low Traffic,Low UL_INTERFERENCE_AVG_PRB,Low MAX_USERS"
752,BEAA,1400,32,-119,200.445,0,"Low Traffic,Low UL_INTERFERENCE_AVG_PRB,Low MAX_USERS"
753,FAHI,5078,142,-113,713.157,2,"High Traffic,High UL_INTERFERENCE_AVG_PRB,Median MAX_USERS"
754,HHBG,7716,115,-114,532.805,2,"High Traffic,High UL_INTERFERENCE_AVG_PRB,Median MAX_USERS"
755,EGCA,4920,65,-112,565.1220000000001,2,"High Traffic,High UL_INTERFERENCE_AVG_PRB,Median MAX_USERS"
756,DHAE,3704,14,-119,150.313,0,"Low Traffic,Low UL_INTERFERENCE_AVG_PRB,Low MAX_USERS"
757,HGGH,7697,22,-119,101.968,0,"Low Traffic,Low UL_INTERFERENCE_AVG_PRB,Low MAX_USERS"
758,DGEA,3940,30,-119,193.446,0,"Low Traffic,Low UL_INTERFERENCE_AVG_PRB,Low MAX_USERS"
759,BGIA,1980,80,-112,1093.74,2,"High Traffic,High UL_INTERFERENCE_AVG_PRB,Median MAX_USERS"
760,BHFB,1751,61,-112,314.27799999999996,2,"High Traffic,High UL_INTERFERENCE_AVG_PRB,Median MAX_USERS"
761,BBGF,1165,70,-112,827.3580000000001,2,"High Traffic,High UL_INTERFERENCE_AVG_PRB,Median MAX_USERS"
762,ICGG,8299,15,-119,92.19200000000001,0,"Low Traffic,Low UL_INTERFERENCE_AVG_PRB,Low MAX_USERS"
763,EIAF,4805,25,-119,145.927,0,"Low Traffic,Low UL_INTERFERENCE_AVG_PRB,Low MAX_USERS"
764,IIIH,8887,42,-119,253.287,0,"Low Traffic,Low UL_INTERFERENCE_AVG_PRB,Low MAX_USERS"
765,HGED,7643,267,-112,1291.3609999999999,1,"High Traffic,High UL_INTERFERENCE_AVG_PRB,High MAX_USERS"
766,GAHA,9070,407,-111,302.046,1,"High Traffic,High UL_INTERFERENCE_AVG_PRB,High MAX_USERS"
767,IIHB,8871,59,-112,833.282,2,"High Traffic,High UL_INTERFERENCE_AVG_PRB,Median MAX_USERS"
768,DEGD,3493,16,-119,153.959,0,"Low Traffic,Low UL_INTERFERENCE_AVG_PRB,Low MAX_USERS"
769,CGHA,2670,35,-119,551.444,0,"Low Traffic,Low UL_INTERFERENCE_AVG_PRB,Low MAX_USERS"
770,BHAC,1702,35,-119,107.76299999999999,0,"Low Traffic,Low UL_INTERFERENCE_AVG_PRB,Low MAX_USERS"
771,BFED,1543,228,-112,669.783,1,"High Traffic,High UL_INTERFERENCE_AVG_PRB,High MAX_USERS"
772,DGEE,3644,315,-113,556.644,1,"High Traffic,High UL_INTERFERENCE_AVG_PRB,High MAX_USERS"
773,FACC,5022,64,-111,1020.3399999999999,2,"High Traffic,High UL_INTERFERENCE_AVG_PRB,Median MAX_USERS"
774,HAHG,7079,18,-119,167.55700000000002,0,"Low Traffic,Low UL_INTERFERENCE_AVG_PRB,Low MAX_USERS"
775,ECHD,4273,29,-119,303.177,0,"Low Traffic,Low UL_INTERFERENCE_AVG_PRB,Low MAX_USERS"
776,IBBF,8115,31,-119,207.182,0,"Low Traffic,Low UL_INTERFERENCE_AVG_PRB,Low MAX_USERS"
777,CABI,2018,179,-111,605.967,1,"High Traffic,High UL_INTERFERENCE_AVG_PRB,High MAX_USERS"
778,FDDG,5336,295,-112,433.872,1,"High Traffic,High UL_INTERFERENCE_AVG_PRB,High MAX_USERS"
779,HIIG,7886,63,-111,680.972,2,"High Traffic,High UL_INTERFERENCE_AVG_PRB,Median MAX_USERS"
780,GCBF,9215,18,-119,82.911,0,"Low Traffic,Low UL_INTERFERENCE_AVG_PRB,Low MAX_USERS"
781,HHGI,7768,22,-119,174.007,0,"Low Traffic,Low UL_INTERFERENCE_AVG_PRB,Low MAX_USERS"
782,EBGF,4195,31,-119,211.24199999999996,0,"Low Traffic,Low UL_INTERFERENCE_AVG_PRB,Low MAX_USERS"
783,EIFF,4855,84,-111,746.9879999999999,2,"High Traffic,High UL_INTERFERENCE_AVG_PRB,Median MAX_USERS"
784,CHHG,2779,62,-112,686.0579999999998,2,"High Traffic,High UL_INTERFERENCE_AVG_PRB,Median MAX_USERS"
785,BGGD,1693,68,-112,541.992,2,"High Traffic,High UL_INTERFERENCE_AVG_PRB,Median MAX_USERS"
786,FDDB,5331,18,-119,75.489,0,"Low Traffic,Low UL_INTERFERENCE_AVG_PRB,Low MAX_USERS"
787,BEEH,1447,28,-119,195.192,0,"Low Traffic,Low UL_INTERFERENCE_AVG_PRB,Low MAX_USERS"
788,BGDD,1933,27,-119,135.50199999999998,0,"Low Traffic,Low UL_INTERFERENCE_AVG_PRB,Low MAX_USERS"
789,DFGC,3562,107,-112,648.5989999999998,2,"High Traffic,High UL_INTERFERENCE_AVG_PRB,Median MAX_USERS"
790,HFDI,7538,63,-111,682.782,2,"High Traffic,High UL_INTERFERENCE_AVG_PRB,Median MAX_USERS"
791,BBDA,1130,67,-112,615.0459999999999,2,"High Traffic,High UL_INTERFERENCE_AVG_PRB,Median MAX_USERS"
792,BDHG,1376,16,-119,101.032,0,"Low Traffic,Low UL_INTERFERENCE_AVG_PRB,Low MAX_USERS"
793,HEIC,7482,28,-119,360.117,0,"Low Traffic,Low UL_INTERFERENCE_AVG_PRB,Low MAX_USERS"
794,CGEE,2944,45,-119,239.857,0,"Low Traffic,Low UL_INTERFERENCE_AVG_PRB,Low MAX_USERS"
795,BIGC,1892,139,-112,975.976,2,"High Traffic,High UL_INTERFERENCE_AVG_PRB,Median MAX_USERS"
796,FHBD,5713,228,-112,946.6999999999999,1,"High Traffic,High UL_INTERFERENCE_AVG_PRB,High MAX_USERS"
797,HFCG,7529,69,-112,538.938,2,"High Traffic,High UL_INTERFERENCE_AVG_PRB,Median MAX_USERS"
798,GEFG,9456,21,-119,121.8,0,"Low Traffic,Low UL_INTERFERENCE_AVG_PRB,Low MAX_USERS"
799,GCAA,9200,22,-119,511.501,0,"Low Traffic,Low UL_INTERFERENCE_AVG_PRB,Low MAX_USERS"
800,IADF,8035,41,-119,401.889,0,"Low Traffic,Low UL_INTERFERENCE_AVG_PRB,Low MAX_USERS"
801,GDBC,6312,102,-113,871.8860000000001,2,"High Traffic,High UL_INTERFERENCE_AVG_PRB,Median MAX_USERS"
802,DEGI,3498,79,-113,734.4219999999998,2,"High Traffic,High UL_INTERFERENCE_AVG_PRB,Median MAX_USERS"
803,BGHC,1672,77,-112,704.3570000000002,2,"High Traffic,High UL_INTERFERENCE_AVG_PRB,Median MAX_USERS"
804,CGCF,2925,20,-119,340.126,0,"Low Traffic,Low UL_INTERFERENCE_AVG_PRB,Low MAX_USERS"
805,FAGG,5066,31,-119,336.71799999999996,0,"Low Traffic,Low UL_INTERFERENCE_AVG_PRB,Low MAX_USERS"
806,EHBF,4715,46,-119,531.167,0,"Low Traffic,Low UL_INTERFERENCE_AVG_PRB,Low MAX_USERS"
807,IGCG,8929,91,-112,1020.37,2,"High Traffic,High UL_INTERFERENCE_AVG_PRB,Median MAX_USERS"
808,GHCI,9728,79,-112,560.75,2,"High Traffic,High UL_INTERFERENCE_AVG_PRB,Median MAX_USERS"
809,CCGF,2295,78,-112,671.101,2,"High Traffic,High UL_INTERFERENCE_AVG_PRB,Median MAX_USERS"
810,FEDH,5437,27,-119,184.446,0,"Low Traffic,Low UL_INTERFERENCE_AVG_PRB,Low MAX_USERS"
811,DCEI,3248,38,-119,371.061,0,"Low Traffic,Low UL_INTERFERENCE_AVG_PRB,Low MAX_USERS"
812,BDEI,1348,51,-119,443.951,0,"Low Traffic,Low UL_INTERFERENCE_AVG_PRB,Low MAX_USERS"
813,FEGF,5465,219,-111,1062.588,1,"High Traffic,High UL_INTERFERENCE_AVG_PRB,High MAX_USERS"
814,CDEG,2349,247,-112,596.465,1,"High Traffic,High UL_INTERFERENCE_AVG_PRB,High MAX_USERS"
815,IEII,8488,83,-112,931.406,2,"High Traffic,High UL_INTERFERENCE_AVG_PRB,Median MAX_USERS"
816,BFAF,1505,26,-119,272.773,0,"Low Traffic,Low UL_INTERFERENCE_AVG_PRB,Low MAX_USERS"
817,DGBB,3911,30,-119,258.014,0,"Low Traffic,Low UL_INTERFERENCE_AVG_PRB,Low MAX_USERS"
818,GAIE,6084,42,-119,292.06399999999996,0,"Low Traffic,Low UL_INTERFERENCE_AVG_PRB,Low MAX_USERS"
819,FFIH,5587,405,-111,970.7659999999998,1,"High Traffic,High UL_INTERFERENCE_AVG_PRB,High MAX_USERS"
820,DGGC,3992,246,-112,684.2370000000001,1,"High Traffic,High UL_INTERFERENCE_AVG_PRB,High MAX_USERS"
821,GEGH,6497,93,-112,1472.889,2,"High Traffic,High UL_INTERFERENCE_AVG_PRB,Median MAX_USERS"
822,FGCF,5625,30,-119,198.652,0,"Low Traffic,Low UL_INTERFERENCE_AVG_PRB,Low MAX_USERS"
823,DGCA,3920,47,-119,287.143,0,"Low Traffic,Low UL_INTERFERENCE_AVG_PRB,Low MAX_USERS"
824,EFCF,4525,54,-119,465.84200000000004,0,"Low Traffic,Low UL_INTERFERENCE_AVG_PRB,Low MAX_USERS"
825,EAFG,4059,267,-110,879.048,1,"High Traffic,High UL_INTERFERENCE_AVG_PRB,High MAX_USERS"
826,HFBG,7519,305,-111,474.262,1,"High Traffic,High UL_INTERFERENCE_AVG_PRB,High MAX_USERS"
827,BFBF,1515,94,-112,970.72,2,"High Traffic,High UL_INTERFERENCE_AVG_PRB,Median MAX_USERS"
828,HGEF,7645,28,-119,406.948,0,"Low Traffic,Low UL_INTERFERENCE_AVG_PRB,Low MAX_USERS"
829,DGIE,3684,36,-119,222.90699999999998,0,"Low Traffic,Low UL_INTERFERENCE_AVG_PRB,Low MAX_USERS"
830,IDCI,8328,48,-119,470.633,0,"Low Traffic,Low UL_INTERFERENCE_AVG_PRB,Low MAX_USERS"
831,EFDG,4536,246,-112,955.4990000000001,1,"High Traffic,High UL_INTERFERENCE_AVG_PRB,High MAX_USERS"
832,CGHG,2676,257,-112,734.9860000000001,1,"High Traffic,High UL_INTERFERENCE_AVG_PRB,High MAX_USERS"
833,DDGC,3362,89,-112,885.064,2,"High Traffic,High UL_INTERFERENCE_AVG_PRB,Median MAX_USERS"
834,BAIB,1081,29,-119,517.6179999999999,0,"Low Traffic,Low UL_INTERFERENCE_AVG_PRB,Low MAX_USERS"
835,IGIG,8989,29,-118,365.426,0,"Low Traffic,Low UL_INTERFERENCE_AVG_PRB,Low MAX_USERS"
836,ECFG,4256,39,-119,442.86199999999997,0,"Low Traffic,Low UL_INTERFERENCE_AVG_PRB,Low MAX_USERS"
837,GEHE,9474,294,-112,916.13,1,"High Traffic,High UL_INTERFERENCE_AVG_PRB,High MAX_USERS"
838,IHHD,8773,190,-112,549.1959999999999,1,"High Traffic,High UL_INTERFERENCE_AVG_PRB,High MAX_USERS"
839,IICH,8827,96,-112,1069.731,2,"High Traffic,High UL_INTERFERENCE_AVG_PRB,Median MAX_USERS"
840,IAEC,8042,34,-119,681.395,0,"Low Traffic,Low UL_INTERFERENCE_AVG_PRB,Low MAX_USERS"
841,GABG,6019,26,-119,254.425,0,"Low Traffic,Low UL_INTERFERENCE_AVG_PRB,Low MAX_USERS"
842,BGAH,1907,39,-119,253.817,0,"Low Traffic,Low UL_INTERFERENCE_AVG_PRB,Low MAX_USERS"
843,CCEH,2247,163,-111,1046.905,1,"High Traffic,High UL_INTERFERENCE_AVG_PRB,High MAX_USERS"
844,GBEA,6140,171,-111,693.784,1,"High Traffic,High UL_INTERFERENCE_AVG_PRB,High MAX_USERS"
845,GHAF,9705,103,-112,1127.739,2,"High Traffic,High UL_INTERFERENCE_AVG_PRB,Median MAX_USERS"
846,IAHH,8077,28,-119,565.4630000000001,0,"Low Traffic,Low UL_INTERFERENCE_AVG_PRB,Low MAX_USERS"
847,EHBA,4710,34,-119,344.6780000000001,0,"Low Traffic,Low UL_INTERFERENCE_AVG_PRB,Low MAX_USERS"
848,GGAH,9907,43,-119,355.03499999999997,0,"Low Traffic,Low UL_INTERFERENCE_AVG_PRB,Low MAX_USERS"
849,CEFE,2454,127,-111,1218.3929999999998,2,"High Traffic,High UL_INTERFERENCE_AVG_PRB,Median MAX_USERS"
850,FIII,5888,106,-112,692.383,2,"High Traffic,High UL_INTERFERENCE_AVG_PRB,Median MAX_USERS"
851,BDHC,1372,102,-112,1248.1730000000002,2,"High Traffic,High UL_INTERFERENCE_AVG_PRB,Median MAX_USERS"
852,GBBI,9118,26,-118,455.904,0,"Low Traffic,Low UL_INTERFERENCE_AVG_PRB,Low MAX_USERS"
853,DGHD,3973,37,-119,648.2969999999998,0,"Low Traffic,Low UL_INTERFERENCE_AVG_PRB,Low MAX_USERS"
854,FDDC,5332,46,-119,329.4300000000001,0,"Low Traffic,Low UL_INTERFERENCE_AVG_PRB,Low MAX_USERS"
855,EHBC,4712,241,-112,1116.5279999999998,1,"High Traffic,High UL_INTERFERENCE_AVG_PRB,High MAX_USERS"
856,IAHB,8071,369,-112,920.826,1,"High Traffic,High UL_INTERFERENCE_AVG_PRB,High MAX_USERS"
857,GAAF,9005,101,-112,1170.532,2,"High Traffic,High UL_INTERFERENCE_AVG_PRB,Median MAX_USERS"
858,GGAB,9901,24,-118,432.549,0,"Low Traffic,Low UL_INTERFERENCE_AVG_PRB,Low MAX_USERS"
859,CAGH,2067,34,-119,595.9390000000001,0,"Low Traffic,Low UL_INTERFERENCE_AVG_PRB,Low MAX_USERS"
860,DIEB,3841,35,-119,549.956,0,"Low Traffic,Low UL_INTERFERENCE_AVG_PRB,Low MAX_USERS"
861,FBFA,5150,127,-112,920.4319999999998,2,"High Traffic,High UL_INTERFERENCE_AVG_PRB,Median MAX_USERS"
862,BBDE,1134,73,-111,736.3880000000001,2,"High Traffic,High UL_INTERFERENCE_AVG_PRB,Median MAX_USERS"
863,HGEB,7641,99,-112,1027.392,2,"High Traffic,High UL_INTERFERENCE_AVG_PRB,Median MAX_USERS"
